Position,Name + ID,Name,ID,Roster Position,Salary,Game Info,TeamAbbrev,AvgPointsPerGame
SP,Lucas Giolito (13361140),Lucas Giolito,13361140,P,11900,CWS@MIN 09/16/2019 07:40PM ET,CWS,23.2
SP,Stephen Strasburg (13360570),Stephen Strasburg,13360570,P,11800,WAS@STL 09/16/2019 07:45PM ET,WAS,22.01
SP,Jacob deGrom (13361141),Jacob deGrom,13361141,P,11500,NYM@COL 09/16/2019 08:40PM ET,NYM,22.99
SP,Max Scherzer (13361142),Max Scherzer,13361142,P,11400,WAS@STL 09/16/2019 07:45PM ET,WAS,23.95
SP,Sonny Gray (13360571),Sonny Gray,13360571,P,10900,CIN@CHC 09/16/2019 08:05PM ET,CIN,18.00
SP,Zac Gallen (13361143),Zac Gallen,13361143,P,10600,MIA@ARI 09/16/2019 09:40PM ET,ARI,18.19
SP,Jake Odorizzi (13361145),Jake Odorizzi,13361145,P,10500,CWS@MIN 09/16/2019 07:40PM ET,MIN,17.23
SP,Patrick Corbin (13361144),Patrick Corbin,13361144,P,10500,WAS@STL 09/16/2019 07:45PM ET,WAS,21.15
SP,Yu Darvish (13361146),Yu Darvish,13361146,P,10300,CIN@CHC 09/16/2019 08:05PM ET,CHC,18.61
SP,Luis Castillo (13361147),Luis Castillo,13361147,P,10200,CIN@CHC 09/16/2019 08:05PM ET,CIN,21
SP,Jose Berrios (13360572),Jose Berrios,13360572,P,10200,CWS@MIN 09/16/2019 07:40PM ET,MIN,17.86
SP,Chris Paddack (13361148),Chris Paddack,13361148,P,10200,SD@MIL 09/16/2019 07:40PM ET,SD,17.68
SP,Frankie Montas (13361149),Frankie Montas,13361149,P,10100,KC@OAK 09/16/2019 10:07PM ET,OAK,21.03
SP,Michael Pineda (13361150),Michael Pineda,13361150,P,10000,CWS@MIN 09/16/2019 07:40PM ET,MIN,16.08
SP,Brandon Woodruff (13361153),Brandon Woodruff,13361153,P,10000,SD@MIL 09/16/2019 07:40PM ET,MIL,15.88
SP,Zack Wheeler (13361152),Zack Wheeler,13361152,P,10000,NYM@COL 09/16/2019 08:40PM ET,NYM,16.97
SP,Jack Flaherty (13361151),Jack Flaherty,13361151,P,10000,WAS@STL 09/16/2019 07:45PM ET,STL,17.54
SP,Trevor Bauer (13361154),Trevor Bauer,13361154,P,9900,CIN@CHC 09/16/2019 08:05PM ET,CIN,19.22
SP,Robbie Ray (13360573),Robbie Ray,13360573,P,9800,MIA@ARI 09/16/2019 09:40PM ET,ARI,17.94
SP,Kyle Hendricks (13361155),Kyle Hendricks,13361155,P,9700,CIN@CHC 09/16/2019 08:05PM ET,CHC,16.00
SP,Alex Young (13361156),Alex Young,13361156,P,9700,MIA@ARI 09/16/2019 09:40PM ET,ARI,14.76
SP,Carlos Martinez (13361157),Carlos Martinez,13361157,P,9700,WAS@STL 09/16/2019 07:45PM ET,STL,3.63
RP,A.J. Puk (13361158),A.J. Puk,13361158,P,9700,KC@OAK 09/16/2019 10:07PM ET,OAK,3.59
SP,Jose Quintana (13361159),Jose Quintana,13361159,P,9600,CIN@CHC 09/16/2019 08:05PM ET,CHC,13.89
SP,Carlos Rodon (13361160),Carlos Rodon,13361160,P,9500,CWS@MIN 09/16/2019 07:40PM ET,CWS,15.91
SP,Noah Syndergaard (13361162),Noah Syndergaard,13361162,P,9400,NYM@COL 09/16/2019 08:40PM ET,NYM,17.63
SP,Jesus Luzardo (13361161),Jesus Luzardo,13361161,P,9400,KC@OAK 09/16/2019 10:07PM ET,OAK,9.25
SP,Tanner Roark (13360574),Tanner Roark,13360574,P,9300,KC@OAK 09/16/2019 10:07PM ET,OAK,14.43
SP,Freddy Peralta (13361165),Freddy Peralta,13361165,P,9200,SD@MIL 09/16/2019 07:40PM ET,MIL,6.77
SP,Caleb Smith (13361164),Caleb Smith,13361164,P,9200,MIA@ARI 09/16/2019 09:40PM ET,MIA,16.26
SP,Alex Reyes (13361163),Alex Reyes,13361163,P,9200,WAS@STL 09/16/2019 07:45PM ET,STL,-1.51
SP,Robert Stephenson (13361166),Robert Stephenson,13361166,P,9100,CIN@CHC 09/16/2019 08:05PM ET,CIN,3.96
RP,Richard Lovelady (13361167),Richard Lovelady,13361167,P,9000,KC@OAK 09/16/2019 10:07PM ET,KC,0.86
SP,Andrew Triggs (13361168),Andrew Triggs,13361168,P,8900,KC@OAK 09/16/2019 10:07PM ET,OAK,0
SP,Sean Manaea (13361169),Sean Manaea,13361169,P,8900,KC@OAK 09/16/2019 10:07PM ET,OAK,26.9
SP,Marcus Stroman (13361170),Marcus Stroman,13361170,P,8800,NYM@COL 09/16/2019 08:40PM ET,NYM,14.94
SP,Cole Hamels (13360575),Cole Hamels,13360575,P,8700,CIN@CHC 09/16/2019 08:05PM ET,CHC,14.44
SP,Taylor Widener (13361172),Taylor Widener,13361172,P,8700,MIA@ARI 09/16/2019 09:40PM ET,ARI,0
SP,German Marquez (13361171),German Marquez,13361171,P,8700,NYM@COL 09/16/2019 08:40PM ET,COL,16.62
SP,Anibal Sanchez (13361173),Anibal Sanchez,13361173,P,8700,WAS@STL 09/16/2019 07:45PM ET,WAS,13.64
SP,Alex Wood (13361176),Alex Wood,13361176,P,8500,CIN@CHC 09/16/2019 08:05PM ET,CIN,9.66
SP,Dinelson Lamet (13361175),Dinelson Lamet,13361175,P,8500,SD@MIL 09/16/2019 07:40PM ET,SD,17.02
SP,Luke Weaver (13361174),Luke Weaver,13361174,P,8500,MIA@ARI 09/16/2019 09:40PM ET,ARI,17.25
SP,Lewis Thorpe (13361178),Lewis Thorpe,13361178,P,8400,CWS@MIN 09/16/2019 07:40PM ET,MIN,5.94
SP,Taijuan Walker (13361179),Taijuan Walker,13361179,P,8400,MIA@ARI 09/16/2019 09:40PM ET,ARI,0
SP,Chris Bassitt (13361177),Chris Bassitt,13361177,P,8400,KC@OAK 09/16/2019 10:07PM ET,OAK,15.45
SP,Anthony DeSclafani (13361180),Anthony DeSclafani,13361180,P,8300,CIN@CHC 09/16/2019 08:05PM ET,CIN,15.39
SP,Cody Reed (13361182),Cody Reed,13361182,P,8300,CIN@CHC 09/16/2019 08:05PM ET,CIN,7.35
SP,Jon Lester (13361184),Jon Lester,13361184,P,8300,CIN@CHC 09/16/2019 08:05PM ET,CHC,13.80
SP,Kevin Gausman (13361186),Kevin Gausman,13361186,P,8300,CIN@CHC 09/16/2019 08:05PM ET,CIN,8.59
SP,Ross Detwiler (13361189),Ross Detwiler,13361189,P,8300,CWS@MIN 09/16/2019 07:40PM ET,CWS,4.79
SP,Brent Suter (13361183),Brent Suter,13361183,P,8300,SD@MIL 09/16/2019 07:40PM ET,MIL,8.9
RP,Austin Gomber (13361187),Austin Gomber,13361187,P,8300,WAS@STL 09/16/2019 07:45PM ET,STL,0
SP,Jharel Cotton (13361181),Jharel Cotton,13361181,P,8300,KC@OAK 09/16/2019 10:07PM ET,OAK,0
SP,Jakob Junis (13361185),Jakob Junis,13361185,P,8300,KC@OAK 09/16/2019 10:07PM ET,KC,12.84
RP,Josh Staumont (13361188),Josh Staumont,13361188,P,8300,KC@OAK 09/16/2019 10:07PM ET,KC,2.67
SP,Kyle Gibson (13361191),Kyle Gibson,13361191,P,8200,CWS@MIN 09/16/2019 07:40PM ET,MIN,13.48
SP,Jordan Lyles (13361190),Jordan Lyles,13361190,P,8200,SD@MIL 09/16/2019 07:40PM ET,MIL,14.30
SP,Chris Flexen (13361192),Chris Flexen,13361192,P,8200,NYM@COL 09/16/2019 08:40PM ET,NYM,1.55
SP,Brett Kennedy (13361195),Brett Kennedy,13361195,P,8100,SD@MIL 09/16/2019 07:40PM ET,SD,0
SP,Sandy Alcantara (13361193),Sandy Alcantara,13361193,P,8100,MIA@ARI 09/16/2019 09:40PM ET,MIA,13.92
SP,Dakota Hudson (13360576),Dakota Hudson,13360576,P,8100,WAS@STL 09/16/2019 07:45PM ET,STL,13.50
SP,Grant Holmes (13361194),Grant Holmes,13361194,P,8100,KC@OAK 09/16/2019 10:07PM ET,OAK,0
SP,Joel Payamps (13361197),Joel Payamps,13361197,P,8000,MIA@ARI 09/16/2019 09:40PM ET,ARI,3.4
SP,Jon Gray (13361196),Jon Gray,13361196,P,8000,NYM@COL 09/16/2019 08:40PM ET,COL,15.9
RP,Ryan Helsley (13361198),Ryan Helsley,13361198,P,7900,WAS@STL 09/16/2019 07:45PM ET,STL,5.30
SP,Pedro Avila (13361200),Pedro Avila,13361200,P,7800,SD@MIL 09/16/2019 07:40PM ET,SD,15.8
SP,Adam Wainwright (13361199),Adam Wainwright,13361199,P,7800,WAS@STL 09/16/2019 07:45PM ET,STL,14.58
SP,Lucas Sims (13361203),Lucas Sims,13361203,P,7700,CIN@CHC 09/16/2019 08:05PM ET,CIN,6.2
SP,Jimmy Nelson (13361201),Jimmy Nelson,13361201,P,7700,SD@MIL 09/16/2019 07:40PM ET,MIL,2.96
SP,Trey Supak (13361202),Trey Supak,13361202,P,7700,SD@MIL 09/16/2019 07:40PM ET,MIL,0
SP,Archie Bradley (13361204),Archie Bradley,13361204,P,7700,MIA@ARI 09/16/2019 09:40PM ET,ARI,3.43
SP,Stephen Gonsalves (13361206),Stephen Gonsalves,13361206,P,7600,CWS@MIN 09/16/2019 07:40PM ET,MIN,0
SP,Martin Perez (13361208),Martin Perez,13361208,P,7600,CWS@MIN 09/16/2019 07:40PM ET,MIN,11.40
SP,Garrett Richards (13360577),Garrett Richards,13360577,P,7600,SD@MIL 09/16/2019 07:40PM ET,SD,0
SP,Jacob Nix (13361205),Jacob Nix,13361205,P,7600,SD@MIL 09/16/2019 07:40PM ET,SD,0
SP,Eric Lauer (13361207),Eric Lauer,13361207,P,7600,SD@MIL 09/16/2019 07:40PM ET,SD,11.60
RP,Matt Andriese (13361209),Matt Andriese,13361209,P,7600,MIA@ARI 09/16/2019 09:40PM ET,ARI,3.64
SP,Jaime Garcia (13361210),Jaime Garcia,13361210,P,7500,CIN@CHC 09/16/2019 08:05PM ET,CHC,0
SP,Daniel Ponce de Leon (13361212),Daniel Ponce de Leon,13361212,P,7500,WAS@STL 09/16/2019 07:45PM ET,STL,10.78
SP,Brad Keller (13361211),Brad Keller,13361211,P,7500,KC@OAK 09/16/2019 10:07PM ET,KC,12.51
SP,Drew Pomeranz (13361219),Drew Pomeranz,13361219,P,7400,SD@MIL 09/16/2019 07:40PM ET,MIL,6.84
SP,Nick Neidert (13361215),Nick Neidert,13361215,P,7400,MIA@ARI 09/16/2019 09:40PM ET,MIA,0
SP,Jordan Yamamoto (13361218),Jordan Yamamoto,13361218,P,7400,MIA@ARI 09/16/2019 09:40PM ET,MIA,13.18
SP,Miles Mikolas (13361213),Miles Mikolas,13361213,P,7400,WAS@STL 09/16/2019 07:45PM ET,STL,13.47
SP,Austin Voth (13361214),Austin Voth,13361214,P,7400,WAS@STL 09/16/2019 07:45PM ET,WAS,14.13
SP,Kyle Zimmer (13361216),Kyle Zimmer,13361216,P,7400,KC@OAK 09/16/2019 10:07PM ET,KC,-0.27
SP,Daniel Gossett (13361217),Daniel Gossett,13361217,P,7400,KC@OAK 09/16/2019 10:07PM ET,OAK,0
SP,Kodi Medeiros (13361222),Kodi Medeiros,13361222,P,7300,CWS@MIN 09/16/2019 07:40PM ET,CWS,0
SP,Joey Lucchesi (13361221),Joey Lucchesi,13361221,P,7300,SD@MIL 09/16/2019 07:40PM ET,SD,14.94
SP,Merrill Kelly (13361220),Merrill Kelly,13361220,P,7300,MIA@ARI 09/16/2019 09:40PM ET,ARI,13.48
SP,Corey Oswalt (13361223),Corey Oswalt,13361223,P,7300,NYM@COL 09/16/2019 08:40PM ET,NYM,-1
SP,Franklyn Kilome (13361224),Franklyn Kilome,13361224,P,7300,NYM@COL 09/16/2019 08:40PM ET,NYM,0
SP,Devin Smeltzer (13361226),Devin Smeltzer,13361226,P,7200,CWS@MIN 09/16/2019 07:40PM ET,MIN,11.06
SP,J.B. Bukauskas (13361225),J.B. Bukauskas,13361225,P,7200,MIA@ARI 09/16/2019 09:40PM ET,ARI,0
SP,Wei-Yin Chen (13361227),Wei-Yin Chen,13361227,P,7200,MIA@ARI 09/16/2019 09:40PM ET,MIA,2.34
SP,Steven Matz (13360578),Steven Matz,13360578,P,7200,NYM@COL 09/16/2019 08:40PM ET,NYM,12.36
SP,Jake Faria (13361229),Jake Faria,13361229,P,7100,SD@MIL 09/16/2019 07:40PM ET,MIL,2.38
SP,Corbin Martin (13361228),Corbin Martin,13361228,P,7100,MIA@ARI 09/16/2019 09:40PM ET,ARI,8.1
SP,Rico Garcia (13361230),Rico Garcia,13361230,P,7100,NYM@COL 09/16/2019 08:40PM ET,COL,-3.95
SP,Chi Chi Gonzalez (13361232),Chi Chi Gonzalez,13361232,P,7100,NYM@COL 09/16/2019 08:40PM ET,COL,5.17
RP,Drew Gagnon (13361233),Drew Gagnon,13361233,P,7100,NYM@COL 09/16/2019 08:40PM ET,NYM,1.55
SP,Michael Wacha (13361231),Michael Wacha,13361231,P,7100,WAS@STL 09/16/2019 07:45PM ET,STL,9.46
SP,Vladimir Gutierrez (13361235),Vladimir Gutierrez,13361235,P,7000,CIN@CHC 09/16/2019 08:05PM ET,CIN,0
SP,Michael Kopech (13361234),Michael Kopech,13361234,P,7000,CWS@MIN 09/16/2019 07:40PM ET,CWS,0
SP,Zack Brown (13361237),Zack Brown,13361237,P,7000,SD@MIL 09/16/2019 07:40PM ET,MIL,0
SP,Dietrich Enns (13361238),Dietrich Enns,13361238,P,7000,SD@MIL 09/16/2019 07:40PM ET,SD,0
SP,Robert Dugger (13361239),Robert Dugger,13361239,P,7000,MIA@ARI 09/16/2019 09:40PM ET,MIA,9.66
RP,Bo Takahashi (13361240),Bo Takahashi,13361240,P,7000,MIA@ARI 09/16/2019 09:40PM ET,ARI,0
SP,James Bourque (13361236),James Bourque,13361236,P,7000,WAS@STL 09/16/2019 07:45PM ET,WAS,-9.5
SP,Alec Mills (13361241),Alec Mills,13361241,P,6900,CIN@CHC 09/16/2019 08:05PM ET,CHC,10.19
SP,Justin Steele (13361242),Justin Steele,13361242,P,6900,CIN@CHC 09/16/2019 08:05PM ET,CHC,0
SP,Tony Santillan (13361243),Tony Santillan,13361243,P,6900,CIN@CHC 09/16/2019 08:05PM ET,CIN,0
SP,Brandon Finnegan (13361244),Brandon Finnegan,13361244,P,6900,CIN@CHC 09/16/2019 08:05PM ET,CIN,0
SP,Fernando Romero (13361247),Fernando Romero,13361247,P,6900,CWS@MIN 09/16/2019 07:40PM ET,MIN,1.43
SP,Chase Anderson (13361248),Chase Anderson,13361248,P,6900,SD@MIL 09/16/2019 07:40PM ET,MIL,10.2
RP,Adam Conley (13361249),Adam Conley,13361249,P,6900,MIA@ARI 09/16/2019 09:40PM ET,MIA,1.68
SP,Williams Perez (13361245),Williams Perez,13361245,P,6900,WAS@STL 09/16/2019 07:45PM ET,STL,0
SP,Jesse Hahn (13361246),Jesse Hahn,13361246,P,6900,KC@OAK 09/16/2019 10:07PM ET,KC,2.33
SP,Reynaldo Lopez (13360579),Reynaldo Lopez,13360579,P,6800,CWS@MIN 09/16/2019 07:40PM ET,CWS,12.54
SP,Corbin Burnes (13361250),Corbin Burnes,13361250,P,6800,SD@MIL 09/16/2019 07:40PM ET,MIL,3.26
SP,Robbie Erlin (13361251),Robbie Erlin,13361251,P,6800,SD@MIL 09/16/2019 07:40PM ET,SD,2.76
SP,Ronald Bolanos (13361252),Ronald Bolanos,13361252,P,6800,SD@MIL 09/16/2019 07:40PM ET,SD,9.58
SP,Sal Romano (13361253),Sal Romano,13361253,P,6700,CIN@CHC 09/16/2019 08:05PM ET,CIN,2.62
SP,James Shields (13361257),James Shields,13361257,P,6700,CWS@MIN 09/16/2019 07:40PM ET,CWS,0
SP,Gio Gonzalez (13361255),Gio Gonzalez,13361255,P,6700,SD@MIL 09/16/2019 07:40PM ET,MIL,11.37
SP,Phil Hughes (13361256),Phil Hughes,13361256,P,6700,SD@MIL 09/16/2019 07:40PM ET,SD,0
SP,Genesis Cabrera (13361254),Genesis Cabrera,13361254,P,6700,WAS@STL 09/16/2019 07:45PM ET,STL,3.76
SP,Mike Leake (13361258),Mike Leake,13361258,P,6600,MIA@ARI 09/16/2019 09:40PM ET,ARI,12.32
SP,Jordan Holloway (13361259),Jordan Holloway,13361259,P,6600,MIA@ARI 09/16/2019 09:40PM ET,MIA,0
SP,Zack Littell (13361260),Zack Littell,13361260,P,6500,CWS@MIN 09/16/2019 07:40PM ET,MIN,4.17
SP,Walker Lockett (13361262),Walker Lockett,13361262,P,6500,NYM@COL 09/16/2019 08:40PM ET,NYM,5.13
SP,Daniel Hudson (13361263),Daniel Hudson,13361263,P,6500,WAS@STL 09/16/2019 07:45PM ET,WAS,3.43
SP,Eric Skoglund (13361261),Eric Skoglund,13361261,P,6500,KC@OAK 09/16/2019 10:07PM ET,KC,-1.52
SP,Adbert Alzolay (13361264),Adbert Alzolay,13361264,P,6400,CIN@CHC 09/16/2019 08:05PM ET,CHC,5.99
SP,Miguel Gonzalez (13361265),Miguel Gonzalez,13361265,P,6400,CWS@MIN 09/16/2019 07:40PM ET,CWS,0
SP,Adrian Morejon (13361267),Adrian Morejon,13361267,P,6400,SD@MIL 09/16/2019 07:40PM ET,SD,1.44
SP,Jeremy Hellickson (13361266),Jeremy Hellickson,13361266,P,6400,WAS@STL 09/16/2019 07:45PM ET,WAS,6.77
SP,Kendall Graveman (13361271),Kendall Graveman,13361271,P,6300,CIN@CHC 09/16/2019 08:05PM ET,CHC,0
RP,Pedro Strop (13361273),Pedro Strop,13361273,P,6300,CIN@CHC 09/16/2019 08:05PM ET,CHC,2.23
SP,Dylan Cease (13361270),Dylan Cease,13361270,P,6300,CWS@MIN 09/16/2019 07:40PM ET,CWS,11.69
SP,Bryan Mitchell (13361272),Bryan Mitchell,13361272,P,6300,SD@MIL 09/16/2019 07:40PM ET,SD,0
SP,Jon Duplantier (13361268),Jon Duplantier,13361268,P,6300,MIA@ARI 09/16/2019 09:40PM ET,ARI,5.83
SP,Tyler Anderson (13361269),Tyler Anderson,13361269,P,6300,NYM@COL 09/16/2019 08:40PM ET,COL,2.42
SP,Tyler Mahle (13361274),Tyler Mahle,13361274,P,6200,CIN@CHC 09/16/2019 08:05PM ET,CIN,11.76
SP,Jen-Ho Tseng (13361275),Jen-Ho Tseng,13361275,P,6200,CIN@CHC 09/16/2019 08:05PM ET,CHC,0
SP,Duane Underwood Jr. (13361276),Duane Underwood Jr.,13361276,P,6200,CIN@CHC 09/16/2019 08:05PM ET,CHC,3.57
SP,P.J. Conlon (13361277),P.J. Conlon,13361277,P,6200,NYM@COL 09/16/2019 08:40PM ET,NYM,0
SP,Zach Davies (13360580),Zach Davies,13360580,P,6100,SD@MIL 09/16/2019 07:40PM ET,MIL,9.72
SP,Ervin Santana (13361280),Ervin Santana,13361280,P,6100,NYM@COL 09/16/2019 08:40PM ET,NYM,-1
SP,Kyle McGowin (13361279),Kyle McGowin,13361279,P,6100,WAS@STL 09/16/2019 07:45PM ET,WAS,2.83
SP,Marco Estrada (13361278),Marco Estrada,13361278,P,6100,KC@OAK 09/16/2019 10:07PM ET,OAK,3.77
SP,Trevor Oaks (13361281),Trevor Oaks,13361281,P,6100,KC@OAK 09/16/2019 10:07PM ET,KC,0
SP,Oscar De La Cruz (13361284),Oscar De La Cruz,13361284,P,6000,CIN@CHC 09/16/2019 08:05PM ET,CHC,0
RP,Matt Bowman (13361291),Matt Bowman,13361291,P,6000,CIN@CHC 09/16/2019 08:05PM ET,CIN,2.71
RP,Amir Garrett (13361292),Amir Garrett,13361292,P,6000,CIN@CHC 09/16/2019 08:05PM ET,CIN,3.23
SP,Manny Banuelos (13361290),Manny Banuelos,13361290,P,6000,CWS@MIN 09/16/2019 07:40PM ET,CWS,4.89
RP,Ray Black (13361288),Ray Black,13361288,P,6000,SD@MIL 09/16/2019 07:40PM ET,MIL,2.59
SP,Matt Strahm (13361289),Matt Strahm,13361289,P,6000,SD@MIL 09/16/2019 07:40PM ET,SD,7.18
SP,Kris Medlen (13361285),Kris Medlen,13361285,P,6000,MIA@ARI 09/16/2019 09:40PM ET,ARI,0
SP,Jorge Guzman (13361286),Jorge Guzman,13361286,P,6000,MIA@ARI 09/16/2019 09:40PM ET,MIA,0
SP,David Peterson (13361287),David Peterson,13361287,P,6000,NYM@COL 09/16/2019 08:40PM ET,NYM,0
SP,Danny Duffy (13361282),Danny Duffy,13361282,P,6000,KC@OAK 09/16/2019 10:07PM ET,KC,13.25
SP,Homer Bailey (13361283),Homer Bailey,13361283,P,6000,KC@OAK 09/16/2019 10:07PM ET,OAK,13.04
SP,Bernardo Flores (13361297),Bernardo Flores,13361297,P,5900,CWS@MIN 09/16/2019 07:40PM ET,CWS,0
SP,Marcos Diplan (13361295),Marcos Diplan,13361295,P,5900,SD@MIL 09/16/2019 07:40PM ET,MIL,0
SP,Elieser Hernandez (13361298),Elieser Hernandez,13361298,P,5900,MIA@ARI 09/16/2019 09:40PM ET,MIA,9.94
RP,Justin Wilson (13361299),Justin Wilson,13361299,P,5900,NYM@COL 09/16/2019 08:40PM ET,NYM,3.13
SP,Wil Crowe (13361294),Wil Crowe,13361294,P,5900,WAS@STL 09/16/2019 07:45PM ET,WAS,0
RP,Sean Doolittle (13361300),Sean Doolittle,13361300,P,5900,WAS@STL 09/16/2019 07:45PM ET,WAS,2.99
SP,Brett Anderson (13361293),Brett Anderson,13361293,P,5900,KC@OAK 09/16/2019 10:07PM ET,OAK,10.57
SP,Parker Bridwell (13361296),Parker Bridwell,13361296,P,5900,KC@OAK 09/16/2019 10:07PM ET,OAK,0
SP,Derek Holland (13361306),Derek Holland,13361306,P,5800,CIN@CHC 09/16/2019 08:05PM ET,CHC,3.72
SP,Kohl Stewart (13361302),Kohl Stewart,13361302,P,5800,CWS@MIN 09/16/2019 07:40PM ET,MIN,2.99
SP,Randy Dobnak (13361305),Randy Dobnak,13361305,P,5800,CWS@MIN 09/16/2019 07:40PM ET,MIN,5.44
SP,Braden Shipley (13361303),Braden Shipley,13361303,P,5800,MIA@ARI 09/16/2019 09:40PM ET,ARI,0
SP,Chad Bettis (13361307),Chad Bettis,13361307,P,5800,NYM@COL 09/16/2019 08:40PM ET,COL,2.12
SP,Arnaldo Hernandez (13361301),Arnaldo Hernandez,13361301,P,5800,KC@OAK 09/16/2019 10:07PM ET,KC,0
SP,Daniel Mengden (13361304),Daniel Mengden,13361304,P,5800,KC@OAK 09/16/2019 10:07PM ET,OAK,10.08
SP,Odrisamer Despaigne (13361309),Odrisamer Despaigne,13361309,P,5700,CWS@MIN 09/16/2019 07:40PM ET,CWS,-1.07
SP,Adrian Houser (13361310),Adrian Houser,13361310,P,5700,SD@MIL 09/16/2019 07:40PM ET,MIL,9.01
SP,Jose Urena (13361313),Jose Urena,13361313,P,5700,MIA@ARI 09/16/2019 09:40PM ET,MIA,7.29
1B,Pete Alonso (13360585),Pete Alonso,13360585,1B,5700,NYM@COL 09/16/2019 08:40PM ET,NYM,9.52
SP,Tim Melville (13361312),Tim Melville,13361312,P,5700,NYM@COL 09/16/2019 08:40PM ET,COL,10.28
RP,Andrew Miller (13361314),Andrew Miller,13361314,P,5700,WAS@STL 09/16/2019 07:45PM ET,STL,2.53
SP,Tanner Anderson (13361308),Tanner Anderson,13361308,P,5700,KC@OAK 09/16/2019 10:07PM ET,OAK,5.68
SP,Mike Fiers (13361311),Mike Fiers,13361311,P,5700,KC@OAK 09/16/2019 10:07PM ET,OAK,12.85
C,Mitch Garver (13360586),Mitch Garver,13360586,C,5600,CWS@MIN 09/16/2019 07:40PM ET,MIN,9.55
2B/OF,Jeff McNeil (13360587),Jeff McNeil,13360587,2B/OF,5600,NYM@COL 09/16/2019 08:40PM ET,NYM,8.80
SP,Paul Blackburn (13361315),Paul Blackburn,13361315,P,5600,KC@OAK 09/16/2019 10:07PM ET,OAK,0.09
OF,Christian Yelich (13360584),Christian Yelich,13360584,OF,5500,SD@MIL 09/16/2019 07:40PM ET,MIL,12.18
SP,Pablo Lopez (13360581),Pablo Lopez,13360581,P,5500,MIA@ARI 09/16/2019 09:40PM ET,MIA,11.90
RP,Silvino Bracho (13361316),Silvino Bracho,13361316,P,5500,MIA@ARI 09/16/2019 09:40PM ET,ARI,0
SS,Trevor Story (13360589),Trevor Story,13360589,SS,5500,NYM@COL 09/16/2019 08:40PM ET,COL,10.30
3B,Nolan Arenado (13360592),Nolan Arenado,13360592,3B,5500,NYM@COL 09/16/2019 08:40PM ET,COL,9.80
SP,Joe Ross (13361318),Joe Ross,13361318,P,5500,WAS@STL 09/16/2019 07:45PM ET,WAS,3.49
SP,Foster Griffin (13361317),Foster Griffin,13361317,P,5500,KC@OAK 09/16/2019 10:07PM ET,KC,0
SP,Hector Santiago (13361319),Hector Santiago,13361319,P,5400,CWS@MIN 09/16/2019 07:40PM ET,CWS,3.49
SP,Cal Quantrill (13361320),Cal Quantrill,13361320,P,5400,SD@MIL 09/16/2019 07:40PM ET,SD,9.70
2B/OF,Ketel Marte (13360590),Ketel Marte,13360590,2B/OF,5400,MIA@ARI 09/16/2019 09:40PM ET,ARI,10.05
RP,Yoan Lopez (13361321),Yoan Lopez,13361321,P,5400,MIA@ARI 09/16/2019 09:40PM ET,ARI,2.14
OF,Michael Conforto (13360593),Michael Conforto,13360593,OF,5400,NYM@COL 09/16/2019 08:40PM ET,NYM,8.67
OF,Charlie Blackmon (13360594),Charlie Blackmon,13360594,OF,5400,NYM@COL 09/16/2019 08:40PM ET,COL,9.96
RP,Wade Davis (13361322),Wade Davis,13361322,P,5400,NYM@COL 09/16/2019 08:40PM ET,COL,1.27
RP,Jesus Tinoco (13361323),Jesus Tinoco,13361323,P,5400,NYM@COL 09/16/2019 08:40PM ET,COL,2.84
SP,Thomas Hatch (13361324),Thomas Hatch,13361324,P,5300,CIN@CHC 09/16/2019 08:05PM ET,CHC,0
SP,Carson Fulmer (13361325),Carson Fulmer,13361325,P,5300,CWS@MIN 09/16/2019 07:40PM ET,CWS,2.63
3B/OF,J.D. Davis (13360596),J.D. Davis,13360596,3B/OF,5300,NYM@COL 09/16/2019 08:40PM ET,NYM,6.48
SS,Marcus Semien (13360595),Marcus Semien,13360595,SS,5300,KC@OAK 09/16/2019 10:07PM ET,OAK,9.65
SP,Liam Hendriks (13361326),Liam Hendriks,13361326,P,5300,KC@OAK 09/16/2019 10:07PM ET,OAK,5.06
RP,Dillon Maples (13361328),Dillon Maples,13361328,P,5200,CIN@CHC 09/16/2019 08:05PM ET,CHC,2.48
OF,Nelson Cruz (13360598),Nelson Cruz,13360598,OF,5200,CWS@MIN 09/16/2019 07:40PM ET,MIN,10.27
SP,Hector Noesi (13361327),Hector Noesi,13361327,P,5200,MIA@ARI 09/16/2019 09:40PM ET,MIA,2
1B,Matt Olson (13360599),Matt Olson,13360599,1B,5200,KC@OAK 09/16/2019 10:07PM ET,OAK,9.14
SS,Fernando Tatis Jr. (13360600),Fernando Tatis Jr.,13360600,SS,5100,SD@MIL 09/16/2019 07:40PM ET,SD,10.79
2B,Keston Hiura (13360603),Keston Hiura,13360603,2B,5100,SD@MIL 09/16/2019 07:40PM ET,MIL,9.47
RP,Jimmie Sherfy (13361330),Jimmie Sherfy,13361330,P,5100,MIA@ARI 09/16/2019 09:40PM ET,ARI,3.79
3B,Todd Frazier (13360601),Todd Frazier,13360601,3B,5100,NYM@COL 09/16/2019 08:40PM ET,NYM,6.81
SP,Henderson Alvarez (13361329),Henderson Alvarez,13361329,P,5100,WAS@STL 09/16/2019 07:45PM ET,WAS,0
RP,Giovanny Gallegos (13361331),Giovanny Gallegos,13361331,P,5100,WAS@STL 09/16/2019 07:45PM ET,STL,4.72
SP,Ivan Nova (13361335),Ivan Nova,13361335,P,5000,CWS@MIN 09/16/2019 07:40PM ET,CWS,9.81
RP,Jace Fry (13361338),Jace Fry,13361338,P,5000,CWS@MIN 09/16/2019 07:40PM ET,CWS,2.17
RP,Chase De Jong (13361339),Chase De Jong,13361339,P,5000,CWS@MIN 09/16/2019 07:40PM ET,MIN,-9.35
OF,David Peralta (13360604),David Peralta,13360604,OF,5000,MIA@ARI 09/16/2019 09:40PM ET,ARI,7.70
SP,Matt Koch (13361333),Matt Koch,13361333,P,5000,MIA@ARI 09/16/2019 09:40PM ET,ARI,-0.03
SP,Jeff Hoffman (13361336),Jeff Hoffman,13361336,P,5000,NYM@COL 09/16/2019 08:40PM ET,COL,6.97
3B,Anthony Rendon (13360605),Anthony Rendon,13360605,3B,5000,WAS@STL 09/16/2019 07:45PM ET,WAS,10.95
SP,Heath Fillmyer (13361332),Heath Fillmyer,13361332,P,5000,KC@OAK 09/16/2019 10:07PM ET,KC,0.62
SP,Conner Greene (13361334),Conner Greene,13361334,P,5000,KC@OAK 09/16/2019 10:07PM ET,KC,0
SP,Jorge Lopez (13361337),Jorge Lopez,13361337,P,5000,KC@OAK 09/16/2019 10:07PM ET,KC,6
3B,Eugenio Suarez (13360607),Eugenio Suarez,13360607,3B,4900,CIN@CHC 09/16/2019 08:05PM ET,CIN,9.11
RP,Mike Zagurski (13361340),Mike Zagurski,13361340,P,4900,CIN@CHC 09/16/2019 08:05PM ET,CHC,0
SP,Justin Nicolino (13361343),Justin Nicolino,13361343,P,4900,CWS@MIN 09/16/2019 07:40PM ET,CWS,0
OF,David Dahl (13360602),David Dahl,13360602,OF,4900,NYM@COL 09/16/2019 08:40PM ET,COL,8.65
2B,Robinson Cano (13360606),Robinson Cano,13360606,2B,4900,NYM@COL 09/16/2019 08:40PM ET,NYM,6.57
SP,Jake Woodford (13361341),Jake Woodford,13361341,P,4900,WAS@STL 09/16/2019 07:45PM ET,STL,0
SP,Glenn Sparkman (13360582),Glenn Sparkman,13360582,P,4900,KC@OAK 09/16/2019 10:07PM ET,KC,5.96
SP,Norge Ruiz (13361342),Norge Ruiz,13361342,P,4900,KC@OAK 09/16/2019 10:07PM ET,OAK,0
2B/3B,Mike Moustakas (13360613),Mike Moustakas,13360613,2B/3B,4800,SD@MIL 09/16/2019 07:40PM ET,MIL,8.56
SP,Taylor Clarke (13361344),Taylor Clarke,13361344,P,4800,MIA@ARI 09/16/2019 09:40PM ET,ARI,7.54
SS,Amed Rosario (13360608),Amed Rosario,13360608,SS,4800,NYM@COL 09/16/2019 08:40PM ET,NYM,7.50
C,Francisco Pena (13360609),Francisco Pena,13360609,C,4800,WAS@STL 09/16/2019 07:45PM ET,STL,0
SP,Erick Fedde (13361345),Erick Fedde,13361345,P,4800,WAS@STL 09/16/2019 07:45PM ET,WAS,6.30
OF,Ramon Laureano (13360615),Ramon Laureano,13360615,OF,4800,KC@OAK 09/16/2019 10:07PM ET,OAK,8.42
1B,Jose Abreu (13360625),Jose Abreu,13360625,1B,4700,CWS@MIN 09/16/2019 07:40PM ET,CWS,8.76
RP,Andrew Vasquez (13361346),Andrew Vasquez,13361346,P,4700,CWS@MIN 09/16/2019 07:40PM ET,MIN,-7.8
2B/3B,Eduardo Escobar (13360610),Eduardo Escobar,13360610,2B/3B,4700,MIA@ARI 09/16/2019 09:40PM ET,ARI,9.14
RP,Kyle Keller (13361347),Kyle Keller,13361347,P,4700,MIA@ARI 09/16/2019 09:40PM ET,MIA,2.73
RP,Andrew Chafin (13361348),Andrew Chafin,13361348,P,4700,MIA@ARI 09/16/2019 09:40PM ET,ARI,2.30
OF,Juan Soto (13360612),Juan Soto,13360612,OF,4700,WAS@STL 09/16/2019 07:45PM ET,WAS,10.47
SP,Tyler Chatwood (13361351),Tyler Chatwood,13361351,P,4600,CIN@CHC 09/16/2019 08:05PM ET,CHC,5.21
3B,Miguel Sano (13360617),Miguel Sano,13360617,3B,4600,CWS@MIN 09/16/2019 07:40PM ET,MIN,9.13
SS,Jorge Polanco (13360618),Jorge Polanco,13360618,SS,4600,CWS@MIN 09/16/2019 07:40PM ET,MIN,9
RP,Alex Colome (13361359),Alex Colome,13361359,P,4600,CWS@MIN 09/16/2019 07:40PM ET,CWS,3.06
SP,Nick Margevicius (13361352),Nick Margevicius,13361352,P,4600,SD@MIL 09/16/2019 07:40PM ET,SD,5.19
OF,Tim Locastro (13360623),Tim Locastro,13360623,OF,4600,MIA@ARI 09/16/2019 09:40PM ET,ARI,5.10
C,Wilson Ramos (13360616),Wilson Ramos,13360616,C,4600,NYM@COL 09/16/2019 08:40PM ET,NYM,6.56
RP,Daniel Zamora (13361353),Daniel Zamora,13361353,P,4600,NYM@COL 09/16/2019 08:40PM ET,NYM,0.78
RP,Ryan O'Rourke (13361355),Ryan O'Rourke,13361355,P,4600,NYM@COL 09/16/2019 08:40PM ET,NYM,1.6
RP,Yency Almonte (13361357),Yency Almonte,13361357,P,4600,NYM@COL 09/16/2019 08:40PM ET,COL,2.24
RP,Luis Avilan (13361358),Luis Avilan,13361358,P,4600,NYM@COL 09/16/2019 08:40PM ET,NYM,1.88
RP,Luke Gregerson (13361350),Luke Gregerson,13361350,P,4600,WAS@STL 09/16/2019 07:45PM ET,STL,-0.08
SP,Matt Grace (13361354),Matt Grace,13361354,P,4600,WAS@STL 09/16/2019 07:45PM ET,WAS,1.36
SP,Scott Blewett (13361349),Scott Blewett,13361349,P,4600,KC@OAK 09/16/2019 10:07PM ET,KC,0
RP,Ryan Buchter (13361356),Ryan Buchter,13361356,P,4600,KC@OAK 09/16/2019 10:07PM ET,OAK,2.17
RP,Steve Cishek (13361366),Steve Cishek,13361366,P,4500,CIN@CHC 09/16/2019 08:05PM ET,CHC,2.67
3B,Yoan Moncada (13360619),Yoan Moncada,13360619,3B,4500,CWS@MIN 09/16/2019 07:40PM ET,CWS,9.13
OF,Max Kepler (13360622),Max Kepler,13360622,OF,4500,CWS@MIN 09/16/2019 07:40PM ET,MIN,9.24
RP,Trevor May (13361364),Trevor May,13361364,P,4500,CWS@MIN 09/16/2019 07:40PM ET,MIN,3.63
RP,Sergio Romo (13361365),Sergio Romo,13361365,P,4500,CWS@MIN 09/16/2019 07:40PM ET,MIN,2.67
C,Yasmani Grandal (13360621),Yasmani Grandal,13360621,C,4500,SD@MIL 09/16/2019 07:40PM ET,MIL,8
RP,Josh Hader (13361361),Josh Hader,13361361,P,4500,SD@MIL 09/16/2019 07:40PM ET,MIL,6.26
RP,Joey Krehbiel (13361360),Joey Krehbiel,13361360,P,4500,MIA@ARI 09/16/2019 09:40PM ET,ARI,0
SP,Antonio Senzatela (13360583),Antonio Senzatela,13360583,P,4500,NYM@COL 09/16/2019 08:40PM ET,COL,5.58
SS,Trea Turner (13360620),Trea Turner,13360620,SS,4500,WAS@STL 09/16/2019 07:45PM ET,WAS,10.10
RP,Chasen Shreve (13361362),Chasen Shreve,13361362,P,4500,WAS@STL 09/16/2019 07:45PM ET,STL,2.03
RP,Fernando Rodney (13361363),Fernando Rodney,13361363,P,4500,WAS@STL 09/16/2019 07:45PM ET,WAS,1.83
3B/OF,Kris Bryant (13360628),Kris Bryant,13360628,3B/OF,4400,CIN@CHC 09/16/2019 08:05PM ET,CHC,9.24
3B/SS,Manny Machado (13360630),Manny Machado,13360630,3B/SS,4400,SD@MIL 09/16/2019 07:40PM ET,SD,8
OF,Wil Myers (13360632),Wil Myers,13360632,OF,4400,SD@MIL 09/16/2019 07:40PM ET,SD,5.99
2B/OF,Yangervis Solarte (13360633),Yangervis Solarte,13360633,2B/OF,4400,MIA@ARI 09/16/2019 09:40PM ET,MIA,3.64
RP,Jose Quijada (13361371),Jose Quijada,13361371,P,4400,MIA@ARI 09/16/2019 09:40PM ET,MIA,2.64
1B,Daniel Murphy (13360624),Daniel Murphy,13360624,1B,4400,NYM@COL 09/16/2019 08:40PM ET,COL,6.99
OF,Brandon Nimmo (13360626),Brandon Nimmo,13360626,OF,4400,NYM@COL 09/16/2019 08:40PM ET,NYM,5.96
RP,DJ Johnson (13361367),DJ Johnson,13361367,P,4400,NYM@COL 09/16/2019 08:40PM ET,COL,1.26
RP,Tim Peterson (13361368),Tim Peterson,13361368,P,4400,NYM@COL 09/16/2019 08:40PM ET,NYM,0.92
RP,Jacob Rhame (13361370),Jacob Rhame,13361370,P,4400,NYM@COL 09/16/2019 08:40PM ET,NYM,2.21
OF,Mark Canha (13360627),Mark Canha,13360627,OF,4400,KC@OAK 09/16/2019 10:07PM ET,OAK,8.03
SP,Mike Montgomery (13361369),Mike Montgomery,13361369,P,4400,KC@OAK 09/16/2019 10:07PM ET,KC,4.98
OF,Aristides Aquino (13360636),Aristides Aquino,13360636,OF,4300,CIN@CHC 09/16/2019 08:05PM ET,CIN,9.48
OF,Eddie Rosario (13360635),Eddie Rosario,13360635,OF,4300,CWS@MIN 09/16/2019 07:40PM ET,MIN,8.83
RP,Juan Minaya (13361375),Juan Minaya,13361375,P,4300,CWS@MIN 09/16/2019 07:40PM ET,CWS,2.97
2B,Ian Kinsler (13360651),Ian Kinsler,13360651,2B,4300,SD@MIL 09/16/2019 07:40PM ET,SD,4.70
3B/SS,Jon Berti (13360640),Jon Berti,13360640,3B/SS,4300,MIA@ARI 09/16/2019 09:40PM ET,MIA,7.59
1B,Kevin Cron (13360646),Kevin Cron,13360646,1B,4300,MIA@ARI 09/16/2019 09:40PM ET,ARI,4.30
RP,James Pazos (13361374),James Pazos,13361374,P,4300,NYM@COL 09/16/2019 08:40PM ET,COL,1.95
RP,Seth Elledge (13361372),Seth Elledge,13361372,P,4300,WAS@STL 09/16/2019 07:45PM ET,STL,0
RP,Hunter Strickland (13361373),Hunter Strickland,13361373,P,4300,WAS@STL 09/16/2019 07:45PM ET,WAS,2.13
SS,Adalberto Mondesi (13360638),Adalberto Mondesi,13360638,SS,4300,KC@OAK 09/16/2019 10:07PM ET,KC,9.56
3B,Matt Chapman (13360639),Matt Chapman,13360639,3B,4300,KC@OAK 09/16/2019 10:07PM ET,OAK,8.63
C,Nick Hundley (13360642),Nick Hundley,13360642,C,4300,KC@OAK 09/16/2019 10:07PM ET,OAK,3
C,Francisco Arcia (13360654),Francisco Arcia,13360654,C,4200,CIN@CHC 09/16/2019 08:05PM ET,CHC,0
1B,Anthony Rizzo (13360657),Anthony Rizzo,13360657,1B,4200,CIN@CHC 09/16/2019 08:05PM ET,CHC,9
SS,Tim Anderson (13360637),Tim Anderson,13360637,SS,4200,CWS@MIN 09/16/2019 07:40PM ET,CWS,8.80
RP,Kelvin Herrera (13361384),Kelvin Herrera,13361384,P,4200,CWS@MIN 09/16/2019 07:40PM ET,CWS,1.50
OF,Manuel Margot (13360643),Manuel Margot,13360643,OF,4200,SD@MIL 09/16/2019 07:40PM ET,SD,5.47
OF,Franchy Cordero (13360648),Franchy Cordero,13360648,OF,4200,SD@MIL 09/16/2019 07:40PM ET,SD,4
SP,Shelby Miller (13361376),Shelby Miller,13361376,P,4200,SD@MIL 09/16/2019 07:40PM ET,MIL,1.32
RP,Deolis Guerra (13361379),Deolis Guerra,13361379,P,4200,SD@MIL 09/16/2019 07:40PM ET,MIL,-8.9
3B/OF,Brian Anderson (13360649),Brian Anderson,13360649,3B/OF,4200,MIA@ARI 09/16/2019 09:40PM ET,MIA,7.60
2B,Ryan McMahon (13360645),Ryan McMahon,13360645,2B,4200,NYM@COL 09/16/2019 08:40PM ET,COL,7.44
OF,Rajai Davis (13360647),Rajai Davis,13360647,OF,4200,NYM@COL 09/16/2019 08:40PM ET,NYM,2.25
SP,Kyle Freeland (13361377),Kyle Freeland,13361377,P,4200,NYM@COL 09/16/2019 08:40PM ET,COL,7.08
SP,Ryan Castellani (13361378),Ryan Castellani,13361378,P,4200,NYM@COL 09/16/2019 08:40PM ET,COL,0
RP,Tyler Bashlor (13361381),Tyler Bashlor,13361381,P,4200,NYM@COL 09/16/2019 08:40PM ET,NYM,0.97
RP,Paul Sewald (13361383),Paul Sewald,13361383,P,4200,NYM@COL 09/16/2019 08:40PM ET,NYM,3.32
SP,Peter Lambert (13361385),Peter Lambert,13361385,P,4200,NYM@COL 09/16/2019 08:40PM ET,COL,4.95
RP,Carlos Estevez (13361386),Carlos Estevez,13361386,P,4200,NYM@COL 09/16/2019 08:40PM ET,COL,3.02
RP,Tanner Rainey (13361382),Tanner Rainey,13361382,P,4200,WAS@STL 09/16/2019 07:45PM ET,WAS,3.06
RP,J.B. Wendelken (13361380),J.B. Wendelken,13361380,P,4200,KC@OAK 09/16/2019 10:07PM ET,OAK,4.07
C,Willson Contreras (13360644),Willson Contreras,13360644,C,4100,CIN@CHC 09/16/2019 08:05PM ET,CHC,8.46
3B/SS,Phillip Evans (13360652),Phillip Evans,13360652,3B/SS,4100,CIN@CHC 09/16/2019 08:05PM ET,CHC,0
OF,Nicholas Castellanos (13360663),Nicholas Castellanos,13360663,OF,4100,CIN@CHC 09/16/2019 08:05PM ET,CHC,8.71
SP,Pat Dean (13361387),Pat Dean,13361387,P,4100,CWS@MIN 09/16/2019 07:40PM ET,MIN,0
RP,Trevor Hildenberger (13361390),Trevor Hildenberger,13361390,P,4100,CWS@MIN 09/16/2019 07:40PM ET,MIN,1.13
RP,Ryne Harper (13361391),Ryne Harper,13361391,P,4100,CWS@MIN 09/16/2019 07:40PM ET,MIN,2.55
OF,Hunter Renfroe (13360662),Hunter Renfroe,13360662,OF,4100,SD@MIL 09/16/2019 07:40PM ET,SD,6.89
1B,Eric Thames (13360678),Eric Thames,13360678,1B,4100,SD@MIL 09/16/2019 07:40PM ET,MIL,6.05
OF,Jarrod Dyson (13360659),Jarrod Dyson,13360659,OF,4100,MIA@ARI 09/16/2019 09:40PM ET,ARI,6.19
RP,Robby Scott (13361389),Robby Scott,13361389,P,4100,MIA@ARI 09/16/2019 09:40PM ET,ARI,1.52
SP,Ryne Stanek (13361392),Ryne Stanek,13361392,P,4100,MIA@ARI 09/16/2019 09:40PM ET,MIA,3.56
RP,Yoshihisa Hirano (13361393),Yoshihisa Hirano,13361393,P,4100,MIA@ARI 09/16/2019 09:40PM ET,ARI,2.38
OF,Ian Desmond (13360665),Ian Desmond,13360665,OF,4100,NYM@COL 09/16/2019 08:40PM ET,COL,6.5
2B,Joe Panik (13360669),Joe Panik,13360669,2B,4100,NYM@COL 09/16/2019 08:40PM ET,NYM,5.09
RP,Arquimedes Caminero (13361388),Arquimedes Caminero,13361388,P,4100,NYM@COL 09/16/2019 08:40PM ET,NYM,0
1B/2B,Howie Kendrick (13360655),Howie Kendrick,13360655,1B/2B,4100,WAS@STL 09/16/2019 07:45PM ET,WAS,6.77
OF,Jorge Soler (13360658),Jorge Soler,13360658,OF,4100,KC@OAK 09/16/2019 10:07PM ET,KC,8.9
3B/OF,Hunter Dozier (13360660),Hunter Dozier,13360660,3B/OF,4100,KC@OAK 09/16/2019 10:07PM ET,KC,8.78
SS,Javier Baez (13360664),Javier Baez,13360664,SS,4000,CIN@CHC 09/16/2019 08:05PM ET,CHC,9.04
1B,Joey Votto (13360670),Joey Votto,13360670,1B,4000,CIN@CHC 09/16/2019 08:05PM ET,CIN,7.37
OF,Jesse Winker (13360683),Jesse Winker,13360683,OF,4000,CIN@CHC 09/16/2019 08:05PM ET,CIN,6.19
SP,David Phelps (13361398),David Phelps,13361398,P,4000,CIN@CHC 09/16/2019 08:05PM ET,CHC,2.69
RP,Ian Krol (13361402),Ian Krol,13361402,P,4000,CIN@CHC 09/16/2019 08:05PM ET,CIN,0
RP,Alberto Baldonado (13361410),Alberto Baldonado,13361410,P,4000,CIN@CHC 09/16/2019 08:05PM ET,CHC,0
RP,George Kontos (13361411),George Kontos,13361411,P,4000,CIN@CHC 09/16/2019 08:05PM ET,CHC,0
RP,Rob Scahill (13361412),Rob Scahill,13361412,P,4000,CIN@CHC 09/16/2019 08:05PM ET,CHC,0
RP,Junichi Tazawa (13361416),Junichi Tazawa,13361416,P,4000,CIN@CHC 09/16/2019 08:05PM ET,CHC,0
RP,Carlos Ramirez (13361421),Carlos Ramirez,13361421,P,4000,CIN@CHC 09/16/2019 08:05PM ET,CHC,0
RP,Rob Zastryzny (13361423),Rob Zastryzny,13361423,P,4000,CIN@CHC 09/16/2019 08:05PM ET,CHC,0
RP,Brad Wieck (13361426),Brad Wieck,13361426,P,4000,CIN@CHC 09/16/2019 08:05PM ET,CHC,2.58
RP,Jackson Stephens (13361427),Jackson Stephens,13361427,P,4000,CIN@CHC 09/16/2019 08:05PM ET,CIN,0
SP,Ian Clarkin (13361430),Ian Clarkin,13361430,P,4000,CIN@CHC 09/16/2019 08:05PM ET,CHC,0
RP,Brian Duensing (13361433),Brian Duensing,13361433,P,4000,CIN@CHC 09/16/2019 08:05PM ET,CHC,0
RP,Jimmy Herget (13361435),Jimmy Herget,13361435,P,4000,CIN@CHC 09/16/2019 08:05PM ET,CIN,-0.65
RP,Keury Mella (13361436),Keury Mella,13361436,P,4000,CIN@CHC 09/16/2019 08:05PM ET,CIN,0
RP,Christian Bergman (13361441),Christian Bergman,13361441,P,4000,CIN@CHC 09/16/2019 08:05PM ET,CHC,0
RP,Rowan Wick (13361451),Rowan Wick,13361451,P,4000,CIN@CHC 09/16/2019 08:05PM ET,CHC,3.64
RP,James Norwood (13361452),James Norwood,13361452,P,4000,CIN@CHC 09/16/2019 08:05PM ET,CHC,4.08
SP,Tim Adleman (13361454),Tim Adleman,13361454,P,4000,CIN@CHC 09/16/2019 08:05PM ET,CIN,0
RP,Jesus Reyes (13361464),Jesus Reyes,13361464,P,4000,CIN@CHC 09/16/2019 08:05PM ET,CIN,0
RP,Tim Collins (13361468),Tim Collins,13361468,P,4000,CIN@CHC 09/16/2019 08:05PM ET,CHC,1.59
RP,Danny Hultzen (13361476),Danny Hultzen,13361476,P,4000,CIN@CHC 09/16/2019 08:05PM ET,CHC,4.65
RP,Allen Webster (13361487),Allen Webster,13361487,P,4000,CIN@CHC 09/16/2019 08:05PM ET,CHC,1.56
RP,Raisel Iglesias (13361494),Raisel Iglesias,13361494,P,4000,CIN@CHC 09/16/2019 08:05PM ET,CIN,3.33
RP,Brandon Kintzler (13361517),Brandon Kintzler,13361517,P,4000,CIN@CHC 09/16/2019 08:05PM ET,CHC,2.66
RP,Kyle Ryan (13361524),Kyle Ryan,13361524,P,4000,CIN@CHC 09/16/2019 08:05PM ET,CHC,2.59
RP,Joel Kuhnel (13361532),Joel Kuhnel,13361532,P,4000,CIN@CHC 09/16/2019 08:05PM ET,CIN,2.24
RP,Ruben Alaniz (13361533),Ruben Alaniz,13361533,P,4000,CIN@CHC 09/16/2019 08:05PM ET,CIN,0.92
2B/3B,Luis Arraez (13360679),Luis Arraez,13360679,2B/3B,4000,CWS@MIN 09/16/2019 07:40PM ET,MIN,7.04
SP,Ryan Burr (13361395),Ryan Burr,13361395,P,4000,CWS@MIN 09/16/2019 07:40PM ET,CWS,3.33
RP,Gabriel Moya (13361405),Gabriel Moya,13361405,P,4000,CWS@MIN 09/16/2019 07:40PM ET,MIN,0
RP,Preston Guilmet (13361408),Preston Guilmet,13361408,P,4000,CWS@MIN 09/16/2019 07:40PM ET,MIN,0
RP,Randall Delgado (13361413),Randall Delgado,13361413,P,4000,CWS@MIN 09/16/2019 07:40PM ET,CWS,0
RP,Zack Weiss (13361414),Zack Weiss,13361414,P,4000,CWS@MIN 09/16/2019 07:40PM ET,MIN,0
RP,Jorge Alcala (13361440),Jorge Alcala,13361440,P,4000,CWS@MIN 09/16/2019 07:40PM ET,MIN,0
RP,Carlos Torres (13361444),Carlos Torres,13361444,P,4000,CWS@MIN 09/16/2019 07:40PM ET,MIN,3.22
RP,Tyler Duffey (13361447),Tyler Duffey,13361447,P,4000,CWS@MIN 09/16/2019 07:40PM ET,MIN,4.08
RP,Taylor Rogers (13361461),Taylor Rogers,13361461,P,4000,CWS@MIN 09/16/2019 07:40PM ET,MIN,4.51
RP,Chris Volstad (13361471),Chris Volstad,13361471,P,4000,CWS@MIN 09/16/2019 07:40PM ET,CWS,0
RP,Donn Roach (13361475),Donn Roach,13361475,P,4000,CWS@MIN 09/16/2019 07:40PM ET,CWS,0
RP,Thyago Vieira (13361482),Thyago Vieira,13361482,P,4000,CWS@MIN 09/16/2019 07:40PM ET,CWS,2.02
RP,Jose Ruiz (13361492),Jose Ruiz,13361492,P,4000,CWS@MIN 09/16/2019 07:40PM ET,CWS,1.78
RP,Jimmy Cordero (13361493),Jimmy Cordero,13361493,P,4000,CWS@MIN 09/16/2019 07:40PM ET,CWS,3.25
RP,Josh Osich (13361500),Josh Osich,13361500,P,4000,CWS@MIN 09/16/2019 07:40PM ET,CWS,2.94
RP,Evan Marshall (13361505),Evan Marshall,13361505,P,4000,CWS@MIN 09/16/2019 07:40PM ET,CWS,2.37
RP,Aaron Bummer (13361510),Aaron Bummer,13361510,P,4000,CWS@MIN 09/16/2019 07:40PM ET,CWS,3.28
RP,Sam Dyson (13361518),Sam Dyson,13361518,P,4000,CWS@MIN 09/16/2019 07:40PM ET,MIN,3.00
RP,Mauricio Cabrera (13361525),Mauricio Cabrera,13361525,P,4000,CWS@MIN 09/16/2019 07:40PM ET,CWS,0
RP,Cody Stashak (13361530),Cody Stashak,13361530,P,4000,CWS@MIN 09/16/2019 07:40PM ET,MIN,3.24
SP,Dylan Covey (13361534),Dylan Covey,13361534,P,4000,CWS@MIN 09/16/2019 07:40PM ET,CWS,2.8
RP,Brusdar Graterol (13361535),Brusdar Graterol,13361535,P,4000,CWS@MIN 09/16/2019 07:40PM ET,MIN,3.01
OF,Trent Grisham (13360673),Trent Grisham,13360673,OF,4000,SD@MIL 09/16/2019 07:40PM ET,MIL,6.05
OF,Ryan Braun (13360676),Ryan Braun,13360676,OF,4000,SD@MIL 09/16/2019 07:40PM ET,MIL,7.02
SP,Trey Wingenter (13361397),Trey Wingenter,13361397,P,4000,SD@MIL 09/16/2019 07:40PM ET,SD,3.34
RP,Kyle McGrath (13361415),Kyle McGrath,13361415,P,4000,SD@MIL 09/16/2019 07:40PM ET,SD,0
RP,Kazuhisa Makita (13361419),Kazuhisa Makita,13361419,P,4000,SD@MIL 09/16/2019 07:40PM ET,SD,0
RP,Eric Stout (13361438),Eric Stout,13361438,P,4000,SD@MIL 09/16/2019 07:40PM ET,SD,0
RP,Ryan Bollinger (13361445),Ryan Bollinger,13361445,P,4000,SD@MIL 09/16/2019 07:40PM ET,SD,0
RP,Taylor Williams (13361446),Taylor Williams,13361446,P,4000,SD@MIL 09/16/2019 07:40PM ET,MIL,0.94
RP,Kirby Yates (13361456),Kirby Yates,13361456,P,4000,SD@MIL 09/16/2019 07:40PM ET,SD,4.80
RP,Aaron Wilkerson (13361465),Aaron Wilkerson,13361465,P,4000,SD@MIL 09/16/2019 07:40PM ET,MIL,1.45
SP,Anderson Espinoza (13361467),Anderson Espinoza,13361467,P,4000,SD@MIL 09/16/2019 07:40PM ET,SD,0
RP,Andres Munoz (13361472),Andres Munoz,13361472,P,4000,SD@MIL 09/16/2019 07:40PM ET,SD,3.62
RP,Michel Baez (13361478),Michel Baez,13361478,P,4000,SD@MIL 09/16/2019 07:40PM ET,SD,3.19
RP,Gerardo Reyes (13361481),Gerardo Reyes,13361481,P,4000,SD@MIL 09/16/2019 07:40PM ET,SD,2.76
SP,Junior Guerra (13361486),Junior Guerra,13361486,P,4000,SD@MIL 09/16/2019 07:40PM ET,MIL,3.60
RP,Craig Stammen (13361501),Craig Stammen,13361501,P,4000,SD@MIL 09/16/2019 07:40PM ET,SD,3.17
SP,Luis Perdomo (13361513),Luis Perdomo,13361513,P,4000,SD@MIL 09/16/2019 07:40PM ET,SD,3.80
RP,Jay Jackson (13361526),Jay Jackson,13361526,P,4000,SD@MIL 09/16/2019 07:40PM ET,MIL,3.83
RP,Matt Albers (13361527),Matt Albers,13361527,P,4000,SD@MIL 09/16/2019 07:40PM ET,MIL,2.48
RP,Devin Williams (13361537),Devin Williams,13361537,P,4000,SD@MIL 09/16/2019 07:40PM ET,MIL,2.14
RP,Eric Yardley (13361538),Eric Yardley,13361538,P,4000,SD@MIL 09/16/2019 07:40PM ET,SD,1.31
RP,David Bednar (13361539),David Bednar,13361539,P,4000,SD@MIL 09/16/2019 07:40PM ET,SD,3.66
RP,Javy Guerra (13361540),Javy Guerra,13361540,P,4000,SD@MIL 09/16/2019 07:40PM ET,SD,1.09
RP,Alex Claudio (13361544),Alex Claudio,13361544,P,4000,SD@MIL 09/16/2019 07:40PM ET,MIL,1.64
2B,Wilmer Flores (13360666),Wilmer Flores,13360666,2B,4000,MIA@ARI 09/16/2019 09:40PM ET,ARI,5.7
1B/OF,Garrett Cooper (13360681),Garrett Cooper,13360681,1B/OF,4000,MIA@ARI 09/16/2019 09:40PM ET,MIA,6.94
RP,R.J. Alvarez (13361409),R.J. Alvarez,13361409,P,4000,MIA@ARI 09/16/2019 09:40PM ET,MIA,0
RP,Artie Lewicki (13361420),Artie Lewicki,13361420,P,4000,MIA@ARI 09/16/2019 09:40PM ET,ARI,0
RP,Emilio Vargas (13361422),Emilio Vargas,13361422,P,4000,MIA@ARI 09/16/2019 09:40PM ET,ARI,0
RP,Marc Rzepczynski (13361428),Marc Rzepczynski,13361428,P,4000,MIA@ARI 09/16/2019 09:40PM ET,ARI,0
RP,Troy Scribner (13361432),Troy Scribner,13361432,P,4000,MIA@ARI 09/16/2019 09:40PM ET,ARI,0
RP,Ben Meyer (13361434),Ben Meyer,13361434,P,4000,MIA@ARI 09/16/2019 09:40PM ET,MIA,0
RP,Brian Moran (13361448),Brian Moran,13361448,P,4000,MIA@ARI 09/16/2019 09:40PM ET,MIA,3.12
SP,Daniel Gibson (13361457),Daniel Gibson,13361457,P,4000,MIA@ARI 09/16/2019 09:40PM ET,ARI,0
SP,Rubby De La Rosa (13361458),Rubby De La Rosa,13361458,P,4000,MIA@ARI 09/16/2019 09:40PM ET,ARI,0
SP,Ricky Nolasco (13361459),Ricky Nolasco,13361459,P,4000,MIA@ARI 09/16/2019 09:40PM ET,ARI,0
SP,Nick Green (13361460),Nick Green,13361460,P,4000,MIA@ARI 09/16/2019 09:40PM ET,ARI,0
RP,Stefan Crichton (13361470),Stefan Crichton,13361470,P,4000,MIA@ARI 09/16/2019 09:40PM ET,ARI,3.19
RP,Ben Lively (13361477),Ben Lively,13361477,P,4000,MIA@ARI 09/16/2019 09:40PM ET,ARI,-3.55
RP,Jeff Brigham (13361483),Jeff Brigham,13361483,P,4000,MIA@ARI 09/16/2019 09:40PM ET,MIA,3.93
RP,Tayron Guerrero (13361488),Tayron Guerrero,13361488,P,4000,MIA@ARI 09/16/2019 09:40PM ET,MIA,1.79
RP,Brett Graves (13361489),Brett Graves,13361489,P,4000,MIA@ARI 09/16/2019 09:40PM ET,MIA,0
RP,Tyler Kinley (13361506),Tyler Kinley,13361506,P,4000,MIA@ARI 09/16/2019 09:40PM ET,MIA,2.42
RP,Jarlin Garcia (13361509),Jarlin Garcia,13361509,P,4000,MIA@ARI 09/16/2019 09:40PM ET,MIA,2.76
RP,T.J. McFarland (13361522),T.J. McFarland,13361522,P,4000,MIA@ARI 09/16/2019 09:40PM ET,ARI,1.65
RP,Brad Goldberg (13361523),Brad Goldberg,13361523,P,4000,MIA@ARI 09/16/2019 09:40PM ET,ARI,0
RP,Kevin Ginkel (13361529),Kevin Ginkel,13361529,P,4000,MIA@ARI 09/16/2019 09:40PM ET,ARI,3.85
RP,Ben Bowden (13361417),Ben Bowden,13361417,P,4000,NYM@COL 09/16/2019 08:40PM ET,COL,0
RP,Eric Hanhold (13361429),Eric Hanhold,13361429,P,4000,NYM@COL 09/16/2019 08:40PM ET,NYM,0
RP,Justin Lawrence (13361437),Justin Lawrence,13361437,P,4000,NYM@COL 09/16/2019 08:40PM ET,COL,0
RP,Seth Lugo (13361455),Seth Lugo,13361455,P,4000,NYM@COL 09/16/2019 08:40PM ET,NYM,5.25
RP,Edwin Diaz (13361462),Edwin Diaz,13361462,P,4000,NYM@COL 09/16/2019 08:40PM ET,NYM,3.23
RP,Joe Harvey (13361473),Joe Harvey,13361473,P,4000,NYM@COL 09/16/2019 08:40PM ET,COL,2.69
RP,Rayan Gonzalez (13361484),Rayan Gonzalez,13361484,P,4000,NYM@COL 09/16/2019 08:40PM ET,COL,0
RP,Donnie Hart (13361485),Donnie Hart,13361485,P,4000,NYM@COL 09/16/2019 08:40PM ET,NYM,3.69
RP,Jairo Diaz (13361497),Jairo Diaz,13361497,P,4000,NYM@COL 09/16/2019 08:40PM ET,COL,3.32
RP,Jake McGee (13361499),Jake McGee,13361499,P,4000,NYM@COL 09/16/2019 08:40PM ET,COL,2
RP,Brad Brach (13361502),Brad Brach,13361502,P,4000,NYM@COL 09/16/2019 08:40PM ET,NYM,2.30
RP,Jeurys Familia (13361503),Jeurys Familia,13361503,P,4000,NYM@COL 09/16/2019 08:40PM ET,NYM,2.10
RP,Sam Howard (13361507),Sam Howard,13361507,P,4000,NYM@COL 09/16/2019 08:40PM ET,COL,2.53
RP,Wes Parsons (13361514),Wes Parsons,13361514,P,4000,NYM@COL 09/16/2019 08:40PM ET,COL,1.71
RP,Bryan Shaw (13361536),Bryan Shaw,13361536,P,4000,NYM@COL 09/16/2019 08:40PM ET,COL,1.99
RP,Phillip Diehl (13361541),Phillip Diehl,13361541,P,4000,NYM@COL 09/16/2019 08:40PM ET,COL,-2.1
RP,Chris Mazza (13361542),Chris Mazza,13361542,P,4000,NYM@COL 09/16/2019 08:40PM ET,NYM,1.53
RP,Brooks Pounders (13361543),Brooks Pounders,13361543,P,4000,NYM@COL 09/16/2019 08:40PM ET,NYM,1.9
1B,Paul Goldschmidt (13360674),Paul Goldschmidt,13360674,1B,4000,WAS@STL 09/16/2019 07:45PM ET,STL,8.05
OF,Adam Eaton (13360677),Adam Eaton,13360677,OF,4000,WAS@STL 09/16/2019 07:45PM ET,WAS,8.04
RP,Sammy Solis (13361399),Sammy Solis,13361399,P,4000,WAS@STL 09/16/2019 07:45PM ET,WAS,0
RP,J.J. Hoover (13361400),J.J. Hoover,13361400,P,4000,WAS@STL 09/16/2019 07:45PM ET,WAS,0
RP,Tommy Layne (13361401),Tommy Layne,13361401,P,4000,WAS@STL 09/16/2019 07:45PM ET,STL,0
RP,Ryan Meisinger (13361404),Ryan Meisinger,13361404,P,4000,WAS@STL 09/16/2019 07:45PM ET,STL,0
RP,Hunter Cervenka (13361406),Hunter Cervenka,13361406,P,4000,WAS@STL 09/16/2019 07:45PM ET,STL,0
RP,Vidal Nuno III (13361407),Vidal Nuno III,13361407,P,4000,WAS@STL 09/16/2019 07:45PM ET,WAS,0
RP,Brett Cecil (13361418),Brett Cecil,13361418,P,4000,WAS@STL 09/16/2019 07:45PM ET,STL,0
RP,Mike Hauschild (13361424),Mike Hauschild,13361424,P,4000,WAS@STL 09/16/2019 07:45PM ET,STL,0
RP,Aaron Barrett (13361439),Aaron Barrett,13361439,P,4000,WAS@STL 09/16/2019 07:45PM ET,WAS,-2.3
RP,Scott Copeland (13361442),Scott Copeland,13361442,P,4000,WAS@STL 09/16/2019 07:45PM ET,WAS,0
RP,Merandy Gonzalez (13361443),Merandy Gonzalez,13361443,P,4000,WAS@STL 09/16/2019 07:45PM ET,STL,0
RP,Chris Beck (13361450),Chris Beck,13361450,P,4000,WAS@STL 09/16/2019 07:45PM ET,STL,0
RP,Jonny Venters (13361453),Jonny Venters,13361453,P,4000,WAS@STL 09/16/2019 07:45PM ET,WAS,0.47
RP,Mike Mayers (13361469),Mike Mayers,13361469,P,4000,WAS@STL 09/16/2019 07:45PM ET,STL,1.26
RP,Dominic Leone (13361474),Dominic Leone,13361474,P,4000,WAS@STL 09/16/2019 07:45PM ET,STL,2.58
RP,John Brebbia (13361479),John Brebbia,13361479,P,4000,WAS@STL 09/16/2019 07:45PM ET,STL,3.90
RP,Javy Guerra (13361480),Javy Guerra,13361480,P,4000,WAS@STL 09/16/2019 07:45PM ET,WAS,3.28
RP,John Gant (13361498),John Gant,13361498,P,4000,WAS@STL 09/16/2019 07:45PM ET,STL,3.36
RP,Tyler Webb (13361515),Tyler Webb,13361515,P,4000,WAS@STL 09/16/2019 07:45PM ET,STL,2.06
RP,Roenis Elias (13361516),Roenis Elias,13361516,P,4000,WAS@STL 09/16/2019 07:45PM ET,WAS,2.91
RP,Junior Fernandez (13361519),Junior Fernandez,13361519,P,4000,WAS@STL 09/16/2019 07:45PM ET,STL,3.68
RP,Wander Suero (13361521),Wander Suero,13361521,P,4000,WAS@STL 09/16/2019 07:45PM ET,WAS,2.79
2B/OF,Whit Merrifield (13360667),Whit Merrifield,13360667,2B/OF,4000,KC@OAK 09/16/2019 10:07PM ET,KC,8.95
C,Sean Murphy (13360675),Sean Murphy,13360675,C,4000,KC@OAK 09/16/2019 10:07PM ET,OAK,12.11
SP,Jacob Barnes (13361394),Jacob Barnes,13361394,P,4000,KC@OAK 09/16/2019 10:07PM ET,KC,1.75
SP,Brian Flynn (13361396),Brian Flynn,13361396,P,4000,KC@OAK 09/16/2019 10:07PM ET,KC,4.47
RP,Kyle Crockett (13361403),Kyle Crockett,13361403,P,4000,KC@OAK 09/16/2019 10:07PM ET,OAK,0
RP,Dean Kiekhefer (13361425),Dean Kiekhefer,13361425,P,4000,KC@OAK 09/16/2019 10:07PM ET,OAK,0
RP,Kyle Lobstein (13361431),Kyle Lobstein,13361431,P,4000,KC@OAK 09/16/2019 10:07PM ET,OAK,0
SP,James Kaprielian (13361449),James Kaprielian,13361449,P,4000,KC@OAK 09/16/2019 10:07PM ET,OAK,0
RP,Tim Hill (13361463),Tim Hill,13361463,P,4000,KC@OAK 09/16/2019 10:07PM ET,KC,2.40
RP,Andres Machado (13361466),Andres Machado,13361466,P,4000,KC@OAK 09/16/2019 10:07PM ET,KC,0
RP,Yusmeiro Petit (13361490),Yusmeiro Petit,13361490,P,4000,KC@OAK 09/16/2019 10:07PM ET,OAK,3.16
RP,Scott Barlow (13361491),Scott Barlow,13361491,P,4000,KC@OAK 09/16/2019 10:07PM ET,KC,3.65
RP,Randy Rosario (13361495),Randy Rosario,13361495,P,4000,KC@OAK 09/16/2019 10:07PM ET,KC,2.10
RP,Jake Newberry (13361496),Jake Newberry,13361496,P,4000,KC@OAK 09/16/2019 10:07PM ET,KC,2.99
SP,Ian Kennedy (13361504),Ian Kennedy,13361504,P,4000,KC@OAK 09/16/2019 10:07PM ET,KC,3.16
SP,Joakim Soria (13361508),Joakim Soria,13361508,P,4000,KC@OAK 09/16/2019 10:07PM ET,OAK,2.8
RP,Kevin McCarthy (13361511),Kevin McCarthy,13361511,P,4000,KC@OAK 09/16/2019 10:07PM ET,KC,1.75
RP,Blake Treinen (13361512),Blake Treinen,13361512,P,4000,KC@OAK 09/16/2019 10:07PM ET,OAK,2.67
RP,Lou Trivino (13361520),Lou Trivino,13361520,P,4000,KC@OAK 09/16/2019 10:07PM ET,OAK,2.26
RP,Jake Diekman (13361528),Jake Diekman,13361528,P,4000,KC@OAK 09/16/2019 10:07PM ET,OAK,2.43
RP,Gabe Speier (13361531),Gabe Speier,13361531,P,4000,KC@OAK 09/16/2019 10:07PM ET,KC,2.83
OF,Jason Heyward (13360685),Jason Heyward,13360685,OF,3900,CIN@CHC 09/16/2019 08:05PM ET,CHC,7.42
OF,Kyle Schwarber (13360694),Kyle Schwarber,13360694,OF,3900,CIN@CHC 09/16/2019 08:05PM ET,CHC,7.85
C,Ryan Lavarnway (13360697),Ryan Lavarnway,13360697,C,3900,CIN@CHC 09/16/2019 08:05PM ET,CIN,11.4
2B,Jonathan Schoop (13360687),Jonathan Schoop,13360687,2B,3900,CWS@MIN 09/16/2019 07:40PM ET,MIN,7.25
OF,Eloy Jimenez (13360690),Eloy Jimenez,13360690,OF,3900,CWS@MIN 09/16/2019 07:40PM ET,CWS,7.82
1B,Eric Hosmer (13360688),Eric Hosmer,13360688,1B,3900,SD@MIL 09/16/2019 07:40PM ET,SD,7.45
OF,Adam Jones (13360686),Adam Jones,13360686,OF,3900,MIA@ARI 09/16/2019 09:40PM ET,ARI,6.64
1B,Christian Walker (13360693),Christian Walker,13360693,1B,3900,MIA@ARI 09/16/2019 09:40PM ET,ARI,7.41
OF,Yoenis Cespedes (13360684),Yoenis Cespedes,13360684,OF,3900,NYM@COL 09/16/2019 08:40PM ET,NYM,0
2B,Jed Lowrie (13360689),Jed Lowrie,13360689,2B,3900,NYM@COL 09/16/2019 08:40PM ET,NYM,0
OF,Juan Lagares (13360691),Juan Lagares,13360691,OF,3900,NYM@COL 09/16/2019 08:40PM ET,NYM,3.33
2B/SS,Brendan Rodgers (13360698),Brendan Rodgers,13360698,2B/SS,3900,NYM@COL 09/16/2019 08:40PM ET,COL,3.8
2B/3B,Tommy Edman (13360671),Tommy Edman,13360671,2B/3B,3900,WAS@STL 09/16/2019 07:45PM ET,STL,7.37
OF,Marcell Ozuna (13360695),Marcell Ozuna,13360695,OF,3900,WAS@STL 09/16/2019 07:45PM ET,STL,8.82
OF,Stephen Piscotty (13360696),Stephen Piscotty,13360696,OF,3900,KC@OAK 09/16/2019 10:07PM ET,OAK,7.08
OF,Byron Buxton (13360702),Byron Buxton,13360702,OF,3800,CWS@MIN 09/16/2019 07:40PM ET,MIN,7.62
1B,C.J. Cron (13360705),C.J. Cron,13360705,1B,3800,CWS@MIN 09/16/2019 07:40PM ET,MIN,7.40
3B/OF,Marwin Gonzalez (13360706),Marwin Gonzalez,13360706,3B/OF,3800,CWS@MIN 09/16/2019 07:40PM ET,MIN,6.71
1B/OF,Tyler Austin (13360710),Tyler Austin,13360710,1B/OF,3800,SD@MIL 09/16/2019 07:40PM ET,MIL,3.93
SS,Nick Ahmed (13360708),Nick Ahmed,13360708,SS,3800,MIA@ARI 09/16/2019 09:40PM ET,ARI,7.16
1B/OF,Dominic Smith (13360700),Dominic Smith,13360700,1B/OF,3800,NYM@COL 09/16/2019 08:40PM ET,NYM,4.48
C,Kurt Suzuki (13360692),Kurt Suzuki,13360692,C,3800,WAS@STL 09/16/2019 07:45PM ET,WAS,7.15
2B/3B,Asdrubal Cabrera (13360703),Asdrubal Cabrera,13360703,2B/3B,3800,WAS@STL 09/16/2019 07:45PM ET,WAS,7.43
OF,Lane Thomas (13360712),Lane Thomas,13360712,OF,3800,WAS@STL 09/16/2019 07:45PM ET,STL,3.59
2B,Jurickson Profar (13360709),Jurickson Profar,13360709,2B,3800,KC@OAK 09/16/2019 10:07PM ET,OAK,6.70
OF,Luis Robert (13360723),Luis Robert,13360723,OF,3700,CWS@MIN 09/16/2019 07:40PM ET,CWS,0
1B,Gavin Sheets (13360724),Gavin Sheets,13360724,1B,3700,CWS@MIN 09/16/2019 07:40PM ET,CWS,0
OF,Nick Martini (13360716),Nick Martini,13360716,OF,3700,SD@MIL 09/16/2019 07:40PM ET,SD,5.81
OF,Travis Jankowski (13360717),Travis Jankowski,13360717,OF,3700,SD@MIL 09/16/2019 07:40PM ET,SD,1.44
2B/3B,Greg Garcia (13360718),Greg Garcia,13360718,2B/3B,3700,SD@MIL 09/16/2019 07:40PM ET,SD,4.39
C,Francisco Mejia (13360722),Francisco Mejia,13360722,C,3700,SD@MIL 09/16/2019 07:40PM ET,SD,5.33
OF,Harold Ramirez (13360721),Harold Ramirez,13360721,OF,3700,MIA@ARI 09/16/2019 09:40PM ET,MIA,6.24
2B/SS,Dilson Herrera (13360713),Dilson Herrera,13360713,2B/SS,3700,NYM@COL 09/16/2019 08:40PM ET,NYM,0
OF,Khris Davis (13360715),Khris Davis,13360715,OF,3700,KC@OAK 09/16/2019 10:07PM ET,OAK,6.67
2B/3B,David Bote (13360726),David Bote,13360726,2B/3B,3600,CIN@CHC 09/16/2019 08:05PM ET,CHC,5.39
OF,Nick Senzel (13360730),Nick Senzel,13360730,OF,3600,CIN@CHC 09/16/2019 08:05PM ET,CIN,7.33
C,James McCann (13360731),James McCann,13360731,C,3600,CWS@MIN 09/16/2019 07:40PM ET,CWS,7.36
OF,Jake Cave (13360733),Jake Cave,13360733,OF,3600,CWS@MIN 09/16/2019 07:40PM ET,MIN,5.43
OF,Josh Naylor (13360728),Josh Naylor,13360728,OF,3600,SD@MIL 09/16/2019 07:40PM ET,SD,5.13
OF,Lorenzo Cain (13360734),Lorenzo Cain,13360734,OF,3600,SD@MIL 09/16/2019 07:40PM ET,MIL,6.79
2B/3B,Ty France (13360747),Ty France,13360747,2B/3B,3600,SD@MIL 09/16/2019 07:40PM ET,SD,4.6
C,Carson Kelly (13360732),Carson Kelly,13360732,C,3600,MIA@ARI 09/16/2019 09:40PM ET,ARI,6.09
C,Alex Avila (13360737),Alex Avila,13360737,C,3600,MIA@ARI 09/16/2019 09:40PM ET,ARI,5.83
OF,Abraham Almonte (13360739),Abraham Almonte,13360739,OF,3600,MIA@ARI 09/16/2019 09:40PM ET,ARI,2.88
2B/3B,Starlin Castro (13360740),Starlin Castro,13360740,2B/3B,3600,MIA@ARI 09/16/2019 09:40PM ET,MIA,6.75
2B/3B,Ildemaro Vargas (13360742),Ildemaro Vargas,13360742,2B/3B,3600,MIA@ARI 09/16/2019 09:40PM ET,ARI,3.67
3B/SS,Joe Dunand (13360751),Joe Dunand,13360751,3B/SS,3600,MIA@ARI 09/16/2019 09:40PM ET,MIA,0
1B,Josh Fuentes (13360720),Josh Fuentes,13360720,1B,3600,NYM@COL 09/16/2019 08:40PM ET,COL,3.86
OF,Sam Hilliard (13360725),Sam Hilliard,13360725,OF,3600,NYM@COL 09/16/2019 08:40PM ET,COL,4.31
OF,Raimel Tapia (13360738),Raimel Tapia,13360738,OF,3600,NYM@COL 09/16/2019 08:40PM ET,COL,5.55
OF,Victor Robles (13360729),Victor Robles,13360729,OF,3600,WAS@STL 09/16/2019 07:45PM ET,WAS,7.68
SS,Paul DeJong (13360735),Paul DeJong,13360735,SS,3600,WAS@STL 09/16/2019 07:45PM ET,STL,7.84
3B,Matt Carpenter (13360736),Matt Carpenter,13360736,3B,3600,WAS@STL 09/16/2019 07:45PM ET,STL,6.28
2B,Kolten Wong (13360744),Kolten Wong,13360744,2B,3600,WAS@STL 09/16/2019 07:45PM ET,STL,7.04
SS,Carter Kieboom (13360750),Carter Kieboom,13360750,SS,3600,WAS@STL 09/16/2019 07:45PM ET,WAS,4.46
C,Bruce Maxwell (13360753),Bruce Maxwell,13360753,C,3600,KC@OAK 09/16/2019 10:07PM ET,OAK,0
1B/OF,Josh VanMeter (13360745),Josh VanMeter,13360745,1B/OF,3500,CIN@CHC 09/16/2019 08:05PM ET,CIN,5.10
2B/SS,Freddy Galvis (13360756),Freddy Galvis,13360756,2B/SS,3500,CIN@CHC 09/16/2019 08:05PM ET,CIN,6.86
OF,Johnny Field (13360763),Johnny Field,13360763,OF,3500,CIN@CHC 09/16/2019 08:05PM ET,CHC,0
2B/C,Kyle Farmer (13360765),Kyle Farmer,13360765,C/2B,3500,CIN@CHC 09/16/2019 08:05PM ET,CIN,3.54
OF,Leury Garcia (13360758),Leury Garcia,13360758,OF,3500,CWS@MIN 09/16/2019 07:40PM ET,CWS,7.19
2B/SS,Nick Madrigal (13360771),Nick Madrigal,13360771,2B/SS,3500,CWS@MIN 09/16/2019 07:40PM ET,CWS,0
C,Luis Torrens (13360764),Luis Torrens,13360764,C,3500,SD@MIL 09/16/2019 07:40PM ET,SD,0
OF,Yasmany Tomas (13360754),Yasmany Tomas,13360754,OF,3500,MIA@ARI 09/16/2019 09:40PM ET,ARI,0
OF,Brian Miller (13360762),Brian Miller,13360762,OF,3500,MIA@ARI 09/16/2019 09:40PM ET,MIA,0
C/OF,Blake Swihart (13360767),Blake Swihart,13360767,C/OF,3500,MIA@ARI 09/16/2019 09:40PM ET,ARI,3.28
C,Rene Rivera (13360759),Rene Rivera,13360759,C,3500,NYM@COL 09/16/2019 08:40PM ET,NYM,3.5
1B,Ryan Zimmerman (13360749),Ryan Zimmerman,13360749,1B,3500,WAS@STL 09/16/2019 07:45PM ET,WAS,6.57
OF,Dexter Fowler (13360761),Dexter Fowler,13360761,OF,3500,WAS@STL 09/16/2019 07:45PM ET,STL,6.76
3B/OF,Drew Robinson (13360769),Drew Robinson,13360769,3B/OF,3500,WAS@STL 09/16/2019 07:45PM ET,STL,1
OF,Robbie Grossman (13360755),Robbie Grossman,13360755,OF,3500,KC@OAK 09/16/2019 10:07PM ET,OAK,5.80
OF,Alex Gordon (13360760),Alex Gordon,13360760,OF,3500,KC@OAK 09/16/2019 10:07PM ET,KC,7.25
OF,Phillip Ervin (13360783),Phillip Ervin,13360783,OF,3400,CIN@CHC 09/16/2019 08:05PM ET,CIN,4.93
C,Victor Caratini (13360785),Victor Caratini,13360785,C,3400,CIN@CHC 09/16/2019 08:05PM ET,CHC,5.44
C,Jhonny Pereda (13360796),Jhonny Pereda,13360796,C,3400,CIN@CHC 09/16/2019 08:05PM ET,CHC,0
OF,Brandon Guyer (13360794),Brandon Guyer,13360794,OF,3400,CWS@MIN 09/16/2019 07:40PM ET,CWS,0
OF,Shane Peterson (13360778),Shane Peterson,13360778,OF,3400,SD@MIL 09/16/2019 07:40PM ET,SD,0
OF,Tyrone Taylor (13360786),Tyrone Taylor,13360786,OF,3400,SD@MIL 09/16/2019 07:40PM ET,MIL,1.4
SS,Miguel Rojas (13360781),Miguel Rojas,13360781,SS,3400,MIA@ARI 09/16/2019 09:40PM ET,MIA,6.18
C,Jorge Alfaro (13360782),Jorge Alfaro,13360782,C,3400,MIA@ARI 09/16/2019 09:40PM ET,MIA,5.96
1B/3B,Neil Walker (13360790),Neil Walker,13360790,1B/3B,3400,MIA@ARI 09/16/2019 09:40PM ET,MIA,5.12
OF,Gabriel Guerrero (13360795),Gabriel Guerrero,13360795,OF,3400,MIA@ARI 09/16/2019 09:40PM ET,MIA,0
OF,Carlos Gomez (13360773),Carlos Gomez,13360773,OF,3400,NYM@COL 09/16/2019 08:40PM ET,NYM,4.65
SS,Andres Gimenez (13360774),Andres Gimenez,13360774,SS,3400,NYM@COL 09/16/2019 08:40PM ET,NYM,0
OF,Matt Kemp (13360776),Matt Kemp,13360776,OF,3400,NYM@COL 09/16/2019 08:40PM ET,NYM,3.35
C,Chris Iannetta (13360777),Chris Iannetta,13360777,C,3400,NYM@COL 09/16/2019 08:40PM ET,COL,5.35
2B/SS,Luis Guillorme (13360779),Luis Guillorme,13360779,2B/SS,3400,NYM@COL 09/16/2019 08:40PM ET,NYM,2.02
2B/OF,Garrett Hampson (13360788),Garrett Hampson,13360788,2B/OF,3400,NYM@COL 09/16/2019 08:40PM ET,COL,4.58
OF,Dustin Fowler (13360775),Dustin Fowler,13360775,OF,3400,KC@OAK 09/16/2019 10:07PM ET,OAK,0
C,Josh Phegley (13360784),Josh Phegley,13360784,C,3400,KC@OAK 09/16/2019 10:07PM ET,OAK,5.77
OF,Seth Brown (13360787),Seth Brown,13360787,OF,3400,KC@OAK 09/16/2019 10:07PM ET,OAK,8.75
1B/3B,Eric Campbell (13360792),Eric Campbell,13360792,1B/3B,3400,KC@OAK 09/16/2019 10:07PM ET,OAK,0
2B/OF,Ben Zobrist (13360807),Ben Zobrist,13360807,2B/OF,3300,CIN@CHC 09/16/2019 08:05PM ET,CHC,5.83
2B/OF,Ian Happ (13360812),Ian Happ,13360812,2B/OF,3300,CIN@CHC 09/16/2019 08:05PM ET,CHC,5.07
1B/2B,Derek Dietrich (13360822),Derek Dietrich,13360822,1B/2B,3300,CIN@CHC 09/16/2019 08:05PM ET,CIN,5.36
SS,Zack Short (13360824),Zack Short,13360824,SS,3300,CIN@CHC 09/16/2019 08:05PM ET,CHC,0
OF,Jacob Hannemann (13360825),Jacob Hannemann,13360825,OF,3300,CIN@CHC 09/16/2019 08:05PM ET,CHC,0
OF,Jim Adduci (13360826),Jim Adduci,13360826,OF,3300,CIN@CHC 09/16/2019 08:05PM ET,CHC,0
C,Taylor Davis (13360828),Taylor Davis,13360828,C,3300,CIN@CHC 09/16/2019 08:05PM ET,CHC,4.57
C,Jason Castro (13360803),Jason Castro,13360803,C,3300,CWS@MIN 09/16/2019 07:40PM ET,MIN,6.22
3B/SS,Ehire Adrianza (13360816),Ehire Adrianza,13360816,3B/SS,3300,CWS@MIN 09/16/2019 07:40PM ET,MIN,4.70
C,Jacob Nottingham (13360800),Jacob Nottingham,13360800,C,3300,SD@MIL 09/16/2019 07:40PM ET,MIL,3.29
OF,Ben Gamel (13360801),Ben Gamel,13360801,OF,3300,SD@MIL 09/16/2019 07:40PM ET,MIL,4.32
2B,Cory Spangenberg (13360821),Cory Spangenberg,13360821,2B,3300,SD@MIL 09/16/2019 07:40PM ET,MIL,5.7
SS,Domingo Leyba (13360804),Domingo Leyba,13360804,SS,3300,MIA@ARI 09/16/2019 09:40PM ET,ARI,1.42
1B/3B,Jake Lamb (13360814),Jake Lamb,13360814,1B/3B,3300,MIA@ARI 09/16/2019 09:40PM ET,ARI,4.69
OF,Rymer Liriano (13360797),Rymer Liriano,13360797,OF,3300,NYM@COL 09/16/2019 08:40PM ET,NYM,0
1B,Yonder Alonso (13360802),Yonder Alonso,13360802,1B,3300,NYM@COL 09/16/2019 08:40PM ET,COL,4.34
2B/SS,Pat Valaika (13360805),Pat Valaika,13360805,2B/SS,3300,NYM@COL 09/16/2019 08:40PM ET,COL,2.91
C,Tony Wolters (13360810),Tony Wolters,13360810,C,3300,NYM@COL 09/16/2019 08:40PM ET,COL,5.11
C,Dom Nunez (13360819),Dom Nunez,13360819,C,3300,NYM@COL 09/16/2019 08:40PM ET,COL,4.46
1B,Matt Adams (13360809),Matt Adams,13360809,1B,3300,WAS@STL 09/16/2019 07:45PM ET,WAS,5.67
C,Dustin Garneau (13360811),Dustin Garneau,13360811,C,3300,KC@OAK 09/16/2019 10:07PM ET,OAK,5.09
2B,Franklin Barreto (13360818),Franklin Barreto,13360818,2B,3300,KC@OAK 09/16/2019 10:07PM ET,OAK,3.32
C,Salvador Perez (13360820),Salvador Perez,13360820,C,3300,KC@OAK 09/16/2019 10:07PM ET,KC,0
OF,Tyler Ramirez (13360827),Tyler Ramirez,13360827,OF,3300,KC@OAK 09/16/2019 10:07PM ET,OAK,0
OF,Taylor Trammell (13360831),Taylor Trammell,13360831,OF,3200,CIN@CHC 09/16/2019 08:05PM ET,CIN,0
OF,Mark Zagunis (13360845),Mark Zagunis,13360845,OF,3200,CIN@CHC 09/16/2019 08:05PM ET,CHC,1.83
OF,Scott Schebler (13360848),Scott Schebler,13360848,OF,3200,CIN@CHC 09/16/2019 08:05PM ET,CIN,3.73
OF,Preston Tucker (13360841),Preston Tucker,13360841,OF,3200,CWS@MIN 09/16/2019 07:40PM ET,CWS,0
3B/C,Willians Astudillo (13360860),Willians Astudillo,13360860,C/3B,3200,CWS@MIN 09/16/2019 07:40PM ET,MIN,5.26
2B/SS,Hernan Perez (13360835),Hernan Perez,13360835,2B/SS,3200,SD@MIL 09/16/2019 07:40PM ET,MIL,4.28
2B/SS,Luis Urias (13360837),Luis Urias,13360837,2B/SS,3200,SD@MIL 09/16/2019 07:40PM ET,SD,5.17
2B/OF,Rob Refsnyder (13360829),Rob Refsnyder,13360829,2B/OF,3200,MIA@ARI 09/16/2019 09:40PM ET,ARI,0
1B/3B,Pedro Alvarez (13360832),Pedro Alvarez,13360832,1B/3B,3200,MIA@ARI 09/16/2019 09:40PM ET,MIA,0
OF,Monte Harrison (13360834),Monte Harrison,13360834,OF,3200,MIA@ARI 09/16/2019 09:40PM ET,MIA,0
2B/SS,Dixon Machado (13360846),Dixon Machado,13360846,2B/SS,3200,MIA@ARI 09/16/2019 09:40PM ET,MIA,0
1B/OF,Matt Holliday (13360798),Matt Holliday,13360798,1B/OF,3200,NYM@COL 09/16/2019 08:40PM ET,COL,0
OF,Adolis Garcia (13360842),Adolis Garcia,13360842,OF,3200,WAS@STL 09/16/2019 07:45PM ET,STL,0
OF,Jose Martinez (13360843),Jose Martinez,13360843,OF,3200,WAS@STL 09/16/2019 07:45PM ET,STL,5.10
2B,Max Schrock (13360849),Max Schrock,13360849,2B,3200,WAS@STL 09/16/2019 07:45PM ET,STL,0
2B/OF,Chad Pinder (13360839),Chad Pinder,13360839,2B/OF,3200,KC@OAK 09/16/2019 10:07PM ET,OAK,4.90
C,Cameron Rupp (13360844),Cameron Rupp,13360844,C,3200,KC@OAK 09/16/2019 10:07PM ET,OAK,0
OF,Zach Borenstein (13360857),Zach Borenstein,13360857,OF,3100,CIN@CHC 09/16/2019 08:05PM ET,CHC,0
SS,Jose Iglesias (13360859),Jose Iglesias,13360859,SS,3100,CIN@CHC 09/16/2019 08:05PM ET,CIN,5.99
SS,Nico Hoerner (13360866),Nico Hoerner,13360866,SS,3100,CIN@CHC 09/16/2019 08:05PM ET,CHC,13.71
OF,LaMonte Wade Jr. (13360865),LaMonte Wade Jr.,13360865,OF,3100,CWS@MIN 09/16/2019 07:40PM ET,MIN,3.86
1B,AJ Reed (13360931),AJ Reed,13360931,1B,3100,CWS@MIN 09/16/2019 07:40PM ET,CWS,3.07
2B/3B,Christian Villanueva (13360850),Christian Villanueva,13360850,2B/3B,3100,SD@MIL 09/16/2019 07:40PM ET,SD,0
OF/SS,Tyler Saladino (13360868),Tyler Saladino,13360868,SS/OF,3100,SD@MIL 09/16/2019 07:40PM ET,MIL,3.21
OF,Josh Rojas (13360867),Josh Rojas,13360867,OF,3100,MIA@ARI 09/16/2019 09:40PM ET,ARI,5.34
2B/3B,T.J. Rivera (13360852),T.J. Rivera,13360852,2B/3B,3100,NYM@COL 09/16/2019 08:40PM ET,NYM,0
OF,Matt den Dekker (13360854),Matt den Dekker,13360854,OF,3100,NYM@COL 09/16/2019 08:40PM ET,NYM,0
C,Devin Mesoraco (13360855),Devin Mesoraco,13360855,C,3100,NYM@COL 09/16/2019 08:40PM ET,NYM,0
OF,Gregor Blanco (13360856),Gregor Blanco,13360856,OF,3100,NYM@COL 09/16/2019 08:40PM ET,NYM,0
C,Drew Butera (13360862),Drew Butera,13360862,C,3100,NYM@COL 09/16/2019 08:40PM ET,COL,4.2
OF,Randy Arozarena (13360863),Randy Arozarena,13360863,OF,3100,WAS@STL 09/16/2019 07:45PM ET,STL,2.15
2B,Brian Dozier (13360864),Brian Dozier,13360864,2B,3100,WAS@STL 09/16/2019 07:45PM ET,WAS,6.05
C,Spencer Kieboom (13360870),Spencer Kieboom,13360870,C,3100,WAS@STL 09/16/2019 07:45PM ET,WAS,0
OF,Luis Barrera (13360858),Luis Barrera,13360858,OF,3100,KC@OAK 09/16/2019 10:07PM ET,OAK,0
OF,Jose Siri (13360873),Jose Siri,13360873,OF,3000,CIN@CHC 09/16/2019 08:05PM ET,CIN,0
2B/3B,Alex Blandino (13360881),Alex Blandino,13360881,2B/3B,3000,CIN@CHC 09/16/2019 08:05PM ET,CIN,3.46
C,Curt Casali (13360884),Curt Casali,13360884,C,3000,CIN@CHC 09/16/2019 08:05PM ET,CIN,4.93
2B/SS,Addison Russell (13360900),Addison Russell,13360900,2B/SS,3000,CIN@CHC 09/16/2019 08:05PM ET,CHC,4.76
C,Welington Castillo (13360887),Welington Castillo,13360887,C,3000,CWS@MIN 09/16/2019 07:40PM ET,CWS,5.5
3B,Lucas Erceg (13360886),Lucas Erceg,13360886,3B,3000,SD@MIL 09/16/2019 07:40PM ET,MIL,0
C,Manny Pina (13360890),Manny Pina,13360890,C,3000,SD@MIL 09/16/2019 07:40PM ET,MIL,3.68
C,Austin Hedges (13360894),Austin Hedges,13360894,C,3000,SD@MIL 09/16/2019 07:40PM ET,SD,4.82
C,Austin Allen (13360896),Austin Allen,13360896,C,3000,SD@MIL 09/16/2019 07:40PM ET,SD,2.38
OF,Matt Szczur (13360877),Matt Szczur,13360877,OF,3000,MIA@ARI 09/16/2019 09:40PM ET,ARI,0
OF,Magneuris Sierra (13360897),Magneuris Sierra,13360897,OF,3000,MIA@ARI 09/16/2019 09:40PM ET,MIA,4.2
OF,Rosell Herrera (13360898),Rosell Herrera,13360898,OF,3000,MIA@ARI 09/16/2019 09:40PM ET,MIA,2.81
3B,James Nelson (13360902),James Nelson,13360902,3B,3000,MIA@ARI 09/16/2019 09:40PM ET,MIA,0
SS,Bryson Brigman (13360903),Bryson Brigman,13360903,SS,3000,MIA@ARI 09/16/2019 09:40PM ET,MIA,0
OF,Vince Fernandez (13360871),Vince Fernandez,13360871,OF,3000,NYM@COL 09/16/2019 08:40PM ET,COL,0
OF,Noel Cuevas (13360872),Noel Cuevas,13360872,OF,3000,NYM@COL 09/16/2019 08:40PM ET,COL,0
3B,David Thompson (13360874),David Thompson,13360874,3B,3000,NYM@COL 09/16/2019 08:40PM ET,NYM,0
OF,Austin Jackson (13360875),Austin Jackson,13360875,OF,3000,NYM@COL 09/16/2019 08:40PM ET,NYM,0
SS,Gavin Cecchini (13360876),Gavin Cecchini,13360876,SS,3000,NYM@COL 09/16/2019 08:40PM ET,NYM,0
C,Tomas Nido (13360888),Tomas Nido,13360888,C,3000,NYM@COL 09/16/2019 08:40PM ET,NYM,3.88
2B,Sam Haggerty (13360893),Sam Haggerty,13360893,2B,3000,NYM@COL 09/16/2019 08:40PM ET,NYM,1
SS,Ramon Urias (13360879),Ramon Urias,13360879,SS,3000,WAS@STL 09/16/2019 07:45PM ET,STL,0
C,Andrew Knizner (13360883),Andrew Knizner,13360883,C,3000,WAS@STL 09/16/2019 07:45PM ET,STL,6
OF,Tyler O'Neill (13360885),Tyler O'Neill,13360885,OF,3000,WAS@STL 09/16/2019 07:45PM ET,STL,4.42
OF,Justin Williams (13360891),Justin Williams,13360891,OF,3000,WAS@STL 09/16/2019 07:45PM ET,STL,0
C,Yan Gomes (13360892),Yan Gomes,13360892,C,3000,WAS@STL 09/16/2019 07:45PM ET,WAS,5.62
OF,Conner Capel (13360899),Conner Capel,13360899,OF,3000,WAS@STL 09/16/2019 07:45PM ET,STL,0
SS,Jorge Mateo (13360878),Jorge Mateo,13360878,SS,3000,KC@OAK 09/16/2019 10:07PM ET,OAK,0
OF,Jorge Bonifacio (13360880),Jorge Bonifacio,13360880,OF,3000,KC@OAK 09/16/2019 10:07PM ET,KC,8.2
OF,Khalil Lee (13360889),Khalil Lee,13360889,OF,3000,KC@OAK 09/16/2019 10:07PM ET,KC,0
2B,Sheldon Neuse (13360895),Sheldon Neuse,13360895,2B,3000,KC@OAK 09/16/2019 10:07PM ET,OAK,3.79
C,MJ Melendez (13360904),MJ Melendez,13360904,C,3000,KC@OAK 09/16/2019 10:07PM ET,KC,0
1B/3B,Cheslor Cuthbert (13360929),Cheslor Cuthbert,13360929,1B/3B,3000,KC@OAK 09/16/2019 10:07PM ET,KC,5.67
3B,Mitch Nay (13360932),Mitch Nay,13360932,3B,2900,CIN@CHC 09/16/2019 08:05PM ET,CIN,0
OF,Carlos Gonzalez (13360938),Carlos Gonzalez,13360938,OF,2900,CIN@CHC 09/16/2019 08:05PM ET,CHC,4.76
OF,Ryan LaMarre (13360922),Ryan LaMarre,13360922,OF,2900,CWS@MIN 09/16/2019 07:40PM ET,MIN,0.67
OF,Luis Gonzalez (13360924),Luis Gonzalez,13360924,OF,2900,CWS@MIN 09/16/2019 07:40PM ET,CWS,0
SS,Ronald Torreyes (13360928),Ronald Torreyes,13360928,SS,2900,CWS@MIN 09/16/2019 07:40PM ET,MIN,2.5
OF,Troy Stokes Jr. (13360908),Troy Stokes Jr.,13360908,OF,2900,SD@MIL 09/16/2019 07:40PM ET,MIL,0
2B/OF,Nate Orf (13360912),Nate Orf,13360912,2B/OF,2900,SD@MIL 09/16/2019 07:40PM ET,MIL,0
3B/SS,Juniel Querecuto (13360909),Juniel Querecuto,13360909,3B/SS,2900,MIA@ARI 09/16/2019 09:40PM ET,ARI,0
OF,Cesar Puello (13360911),Cesar Puello,13360911,OF,2900,MIA@ARI 09/16/2019 09:40PM ET,MIA,5.39
OF,Peter O'Brien (13360914),Peter O'Brien,13360914,OF,2900,MIA@ARI 09/16/2019 09:40PM ET,MIA,4.07
OF,Curtis Granderson (13360916),Curtis Granderson,13360916,OF,2900,MIA@ARI 09/16/2019 09:40PM ET,MIA,4.12
2B,Isan Diaz (13360921),Isan Diaz,13360921,2B,2900,MIA@ARI 09/16/2019 09:40PM ET,MIA,4.92
SS,Deven Marrero (13360934),Deven Marrero,13360934,SS,2900,MIA@ARI 09/16/2019 09:40PM ET,MIA,0
3B,Colton Welker (13360905),Colton Welker,13360905,3B,2900,NYM@COL 09/16/2019 08:40PM ET,COL,0
OF,Kevin Kaczmarski (13360906),Kevin Kaczmarski,13360906,OF,2900,NYM@COL 09/16/2019 08:40PM ET,NYM,0
2B,Luis Carpio (13360907),Luis Carpio,13360907,2B,2900,NYM@COL 09/16/2019 08:40PM ET,NYM,0
OF,Harrison Bader (13360915),Harrison Bader,13360915,OF,2900,WAS@STL 09/16/2019 07:45PM ET,STL,5.42
C,Yadier Molina (13360917),Yadier Molina,13360917,C,2900,WAS@STL 09/16/2019 07:45PM ET,STL,6.33
1B/OF,Gerardo Parra (13360919),Gerardo Parra,13360919,1B/OF,2900,WAS@STL 09/16/2019 07:45PM ET,WAS,4.29
OF,Dylan Carlson (13360923),Dylan Carlson,13360923,OF,2900,WAS@STL 09/16/2019 07:45PM ET,STL,0
2B/3B,Jacob Wilson (13360925),Jacob Wilson,13360925,2B/3B,2900,WAS@STL 09/16/2019 07:45PM ET,WAS,0
OF,Andrew Stevenson (13360927),Andrew Stevenson,13360927,OF,2900,WAS@STL 09/16/2019 07:45PM ET,WAS,2.08
OF,Bubba Starling (13360918),Bubba Starling,13360918,OF,2900,KC@OAK 09/16/2019 10:07PM ET,KC,4.84
3B,Kelvin Gutierrez (13360933),Kelvin Gutierrez,13360933,3B,2900,KC@OAK 09/16/2019 10:07PM ET,KC,5.9
SS,Kevin Merrell (13360935),Kevin Merrell,13360935,SS,2900,KC@OAK 09/16/2019 10:07PM ET,OAK,0
2B/3B,Cliff Pennington (13360936),Cliff Pennington,13360936,2B/3B,2900,KC@OAK 09/16/2019 10:07PM ET,OAK,0
OF,Jordan Patterson (13360943),Jordan Patterson,13360943,OF,2800,CIN@CHC 09/16/2019 08:05PM ET,CIN,0
OF,TJ Friedl (13360950),TJ Friedl,13360950,OF,2800,CIN@CHC 09/16/2019 08:05PM ET,CIN,0
OF,Albert Almora Jr. (13360963),Albert Almora Jr.,13360963,OF,2800,CIN@CHC 09/16/2019 08:05PM ET,CHC,4.38
C,Tucker Barnhart (13360964),Tucker Barnhart,13360964,C,2800,CIN@CHC 09/16/2019 08:05PM ET,CIN,4.90
C,Nick Ciuffo (13360973),Nick Ciuffo,13360973,C,2800,CIN@CHC 09/16/2019 08:05PM ET,CIN,1
C,Tomas Telis (13360952),Tomas Telis,13360952,C,2800,CWS@MIN 09/16/2019 07:40PM ET,MIN,0
3B,D.J. Peterson (13360954),D.J. Peterson,13360954,3B,2800,CWS@MIN 09/16/2019 07:40PM ET,CWS,0
OF,Micker Adolfo (13360955),Micker Adolfo,13360955,OF,2800,CWS@MIN 09/16/2019 07:40PM ET,CWS,0
OF,Adam Engel (13360969),Adam Engel,13360969,OF,2800,CWS@MIN 09/16/2019 07:40PM ET,CWS,4.39
C,Seby Zavala (13360970),Seby Zavala,13360970,C,2800,CWS@MIN 09/16/2019 07:40PM ET,CWS,1
OF,Nicky Delmonico (13360971),Nicky Delmonico,13360971,OF,2800,CWS@MIN 09/16/2019 07:40PM ET,CWS,4
3B,Chase Headley (13360944),Chase Headley,13360944,3B,2800,SD@MIL 09/16/2019 07:40PM ET,SD,0
C,David Freitas (13360967),David Freitas,13360967,C,2800,SD@MIL 09/16/2019 07:40PM ET,MIL,1
C,Daulton Varsho (13360940),Daulton Varsho,13360940,C,2800,MIA@ARI 09/16/2019 09:40PM ET,ARI,0
OF,Marcus Wilson (13360947),Marcus Wilson,13360947,OF,2800,MIA@ARI 09/16/2019 09:40PM ET,ARI,0
OF,Isaac Galloway (13360958),Isaac Galloway,13360958,OF,2800,MIA@ARI 09/16/2019 09:40PM ET,MIA,2.79
C,Caleb Joseph (13360962),Caleb Joseph,13360962,C,2800,MIA@ARI 09/16/2019 09:40PM ET,ARI,2.5
OF,Michael Saunders (13360939),Michael Saunders,13360939,OF,2800,NYM@COL 09/16/2019 08:40PM ET,COL,0
1B/3B,Tyler Nevin (13360941),Tyler Nevin,13360941,1B/3B,2800,NYM@COL 09/16/2019 08:40PM ET,COL,0
3B,Will Toffey (13360945),Will Toffey,13360945,3B,2800,NYM@COL 09/16/2019 08:40PM ET,NYM,0
OF,Braxton Lee (13360946),Braxton Lee,13360946,OF,2800,NYM@COL 09/16/2019 08:40PM ET,NYM,0
2B/3B,Ruben Tejada (13360948),Ruben Tejada,13360948,2B/3B,2800,NYM@COL 09/16/2019 08:40PM ET,NYM,0.33
OF,Moises Sierra (13360951),Moises Sierra,13360951,OF,2800,WAS@STL 09/16/2019 07:45PM ET,WAS,0
3B,Elehuris Montero (13360956),Elehuris Montero,13360956,3B,2800,WAS@STL 09/16/2019 07:45PM ET,STL,0
OF,Tyler Goeddel (13360957),Tyler Goeddel,13360957,OF,2800,WAS@STL 09/16/2019 07:45PM ET,WAS,0
2B/SS,Luis Sardinas (13360959),Luis Sardinas,13360959,2B/SS,2800,WAS@STL 09/16/2019 07:45PM ET,WAS,0
C,Tres Barrera (13360965),Tres Barrera,13360965,C,2800,WAS@STL 09/16/2019 07:45PM ET,WAS,0
C,Raudy Read (13360966),Raudy Read,13360966,C,2800,WAS@STL 09/16/2019 07:45PM ET,WAS,0.75
1B,Luken Baker (13360974),Luken Baker,13360974,1B,2800,WAS@STL 09/16/2019 07:45PM ET,STL,0
OF,Skye Bolt (13360953),Skye Bolt,13360953,OF,2800,KC@OAK 09/16/2019 10:07PM ET,OAK,2.25
3B,Emmanuel Rivera (13360961),Emmanuel Rivera,13360961,3B,2800,KC@OAK 09/16/2019 10:07PM ET,KC,0
C,Beau Taylor (13360968),Beau Taylor,13360968,C,2800,KC@OAK 09/16/2019 10:07PM ET,OAK,4.18
C,Chris Herrmann (13360972),Chris Herrmann,13360972,C,2800,KC@OAK 09/16/2019 10:07PM ET,OAK,3.87
2B/SS,Jose Peraza (13360995),Jose Peraza,13360995,2B/SS,2700,CIN@CHC 09/16/2019 08:05PM ET,CIN,4.01
2B,Robel Garcia (13360999),Robel Garcia,13360999,2B,2700,CIN@CHC 09/16/2019 08:05PM ET,CHC,4.65
2B/OF,Tony Kemp (13361001),Tony Kemp,13361001,2B/OF,2700,CIN@CHC 09/16/2019 08:05PM ET,CHC,3.99
OF/SS,Taylor Motter (13360975),Taylor Motter,13360975,SS/OF,2700,CWS@MIN 09/16/2019 07:40PM ET,MIN,0
1B,Matt Skole (13360991),Matt Skole,13360991,1B,2700,CWS@MIN 09/16/2019 07:40PM ET,CWS,3.78
OF,Edward Olivares (13360977),Edward Olivares,13360977,OF,2700,SD@MIL 09/16/2019 07:40PM ET,SD,0
OF,Corey Ray (13360978),Corey Ray,13360978,OF,2700,SD@MIL 09/16/2019 07:40PM ET,MIL,0
OF,Boog Powell (13360979),Boog Powell,13360979,OF,2700,SD@MIL 09/16/2019 07:40PM ET,SD,0
C,A.J. Ellis (13360983),A.J. Ellis,13360983,C,2700,SD@MIL 09/16/2019 07:40PM ET,SD,0
3B,Drew Ellis (13360980),Drew Ellis,13360980,3B,2700,MIA@ARI 09/16/2019 09:40PM ET,ARI,0
2B/SS,Kelby Tomlinson (13360984),Kelby Tomlinson,13360984,2B/SS,2700,MIA@ARI 09/16/2019 09:40PM ET,ARI,0
C,Bryan Holaday (13360988),Bryan Holaday,13360988,C,2700,MIA@ARI 09/16/2019 09:40PM ET,MIA,4.78
OF,Seth Beer (13361005),Seth Beer,13361005,OF,2700,MIA@ARI 09/16/2019 09:40PM ET,ARI,0
OF,Aaron Altherr (13360981),Aaron Altherr,13360981,OF,2700,NYM@COL 09/16/2019 08:40PM ET,NYM,1.14
1B,Mark Reynolds (13360982),Mark Reynolds,13360982,1B,2700,NYM@COL 09/16/2019 08:40PM ET,COL,3.01
OF,Telmito Agustin (13360986),Telmito Agustin,13360986,OF,2700,WAS@STL 09/16/2019 07:45PM ET,WAS,0
1B,Jose Marmolejos (13360987),Jose Marmolejos,13360987,1B,2700,WAS@STL 09/16/2019 07:45PM ET,WAS,0
SS,Edmundo Sosa (13360990),Edmundo Sosa,13360990,SS,2700,WAS@STL 09/16/2019 07:45PM ET,STL,1.71
1B,Adrian Sanchez (13360994),Adrian Sanchez,13360994,1B,2700,WAS@STL 09/16/2019 07:45PM ET,WAS,1.15
3B/OF,Yairo Munoz (13360997),Yairo Munoz,13360997,3B/OF,2700,WAS@STL 09/16/2019 07:45PM ET,STL,3.36
C,Matt Wieters (13361000),Matt Wieters,13361000,C,2700,WAS@STL 09/16/2019 07:45PM ET,STL,4.80
1B/3B,Jake Noll (13361006),Jake Noll,13361006,1B/3B,2700,WAS@STL 09/16/2019 07:45PM ET,WAS,2
1B,Ryan O'Hearn (13360989),Ryan O'Hearn,13360989,1B,2700,KC@OAK 09/16/2019 10:07PM ET,KC,5.13
OF,Brett Phillips (13360992),Brett Phillips,13360992,OF,2700,KC@OAK 09/16/2019 10:07PM ET,KC,3.74
C,Cam Gallagher (13360993),Cam Gallagher,13360993,C,2700,KC@OAK 09/16/2019 10:07PM ET,KC,4.56
2B/3B,Ramon Torres (13361003),Ramon Torres,13361003,2B/3B,2700,KC@OAK 09/16/2019 10:07PM ET,KC,0
C,Tyler Stephenson (13361012),Tyler Stephenson,13361012,C,2600,CIN@CHC 09/16/2019 08:05PM ET,CIN,0
C,Tony Cruz (13361018),Tony Cruz,13361018,C,2600,CIN@CHC 09/16/2019 08:05PM ET,CIN,0
1B,Casey Gillaspie (13361015),Casey Gillaspie,13361015,1B,2600,CWS@MIN 09/16/2019 07:40PM ET,CWS,0
OF,Blake Rutherford (13361016),Blake Rutherford,13361016,OF,2600,CWS@MIN 09/16/2019 07:40PM ET,CWS,0
C,Zack Collins (13361021),Zack Collins,13361021,C,2600,CWS@MIN 09/16/2019 07:40PM ET,CWS,4.05
3B/SS,Ryan Goins (13361022),Ryan Goins,13361022,3B/SS,2600,CWS@MIN 09/16/2019 07:40PM ET,CWS,4.60
2B,Yolmer Sanchez (13361025),Yolmer Sanchez,13361025,2B,2600,CWS@MIN 09/16/2019 07:40PM ET,CWS,5.17
OF,Jacob Pearson (13361029),Jacob Pearson,13361029,OF,2600,CWS@MIN 09/16/2019 07:40PM ET,MIN,0
OF,Luis Basabe (13361030),Luis Basabe,13361030,OF,2600,CWS@MIN 09/16/2019 07:40PM ET,CWS,0
OF,Buddy Reed (13361010),Buddy Reed,13361010,OF,2600,SD@MIL 09/16/2019 07:40PM ET,SD,0
SS,Orlando Arcia (13361020),Orlando Arcia,13361020,SS,2600,SD@MIL 09/16/2019 07:40PM ET,MIL,5.31
1B,Seth Mejias-Brean (13361024),Seth Mejias-Brean,13361024,1B,2600,SD@MIL 09/16/2019 07:40PM ET,SD,2
3B,Andy Young (13361009),Andy Young,13361009,3B,2600,MIA@ARI 09/16/2019 09:40PM ET,ARI,0
C,Chad Wallach (13361017),Chad Wallach,13361017,C,2600,MIA@ARI 09/16/2019 09:40PM ET,MIA,3.95
1B/3B,Martin Prado (13361026),Martin Prado,13361026,1B/3B,2600,MIA@ARI 09/16/2019 09:40PM ET,MIA,2.99
C,Alberto Rosario (13361028),Alberto Rosario,13361028,C,2600,MIA@ARI 09/16/2019 09:40PM ET,ARI,0
C,Brett Nicholas (13361008),Brett Nicholas,13361008,C,2600,NYM@COL 09/16/2019 08:40PM ET,COL,0
2B/SS,Danny Espinosa (13361013),Danny Espinosa,13361013,2B/SS,2600,NYM@COL 09/16/2019 08:40PM ET,NYM,0
3B,Brandon Snyder (13361011),Brandon Snyder,13361011,3B,2600,WAS@STL 09/16/2019 07:45PM ET,WAS,0
OF,Collin Cowgill (13361019),Collin Cowgill,13361019,OF,2600,WAS@STL 09/16/2019 07:45PM ET,WAS,0
SS,Blake Trahan (13361039),Blake Trahan,13361039,SS,2500,CIN@CHC 09/16/2019 08:05PM ET,CIN,0
C,Jonathan Lucroy (13361041),Jonathan Lucroy,13361041,C,2500,CIN@CHC 09/16/2019 08:05PM ET,CHC,5.05
OF,Eddy Martinez (13361052),Eddy Martinez,13361052,OF,2500,CIN@CHC 09/16/2019 08:05PM ET,CHC,0
OF,D.J. Wilson (13361053),D.J. Wilson,13361053,OF,2500,CIN@CHC 09/16/2019 08:05PM ET,CHC,0
SS,Royce Lewis (13361033),Royce Lewis,13361033,SS,2500,CWS@MIN 09/16/2019 07:40PM ET,MIN,0
2B/3B,Adam Rosales (13361034),Adam Rosales,13361034,2B/3B,2500,CWS@MIN 09/16/2019 07:40PM ET,MIN,0
SS,Laz Rivera (13361038),Laz Rivera,13361038,SS,2500,CWS@MIN 09/16/2019 07:40PM ET,CWS,0
2B/3B,Danny Mendick (13361042),Danny Mendick,13361042,2B/3B,2500,CWS@MIN 09/16/2019 07:40PM ET,CWS,4.75
OF,Charlie Tilson (13361044),Charlie Tilson,13361044,OF,2500,CWS@MIN 09/16/2019 07:40PM ET,CWS,4.04
C,Ben Rortvedt (13361047),Ben Rortvedt,13361047,C,2500,CWS@MIN 09/16/2019 07:40PM ET,MIN,0
OF,Gilberto Celestino (13361048),Gilberto Celestino,13361048,OF,2500,CWS@MIN 09/16/2019 07:40PM ET,MIN,0
SS,Brice Turang (13361051),Brice Turang,13361051,SS,2500,SD@MIL 09/16/2019 07:40PM ET,MIL,0
SS,Jazz Chisholm (13361031),Jazz Chisholm,13361031,SS,2500,MIA@ARI 09/16/2019 09:40PM ET,ARI,0
1B,Adrian Gonzalez (13361032),Adrian Gonzalez,13361032,1B,2500,NYM@COL 09/16/2019 08:40PM ET,NYM,0
2B/SS,Arismendy Alcantara (13361036),Arismendy Alcantara,13361036,2B/SS,2500,NYM@COL 09/16/2019 08:40PM ET,NYM,0
OF,Yonathan Daza (13361045),Yonathan Daza,13361045,OF,2500,NYM@COL 09/16/2019 08:40PM ET,COL,2.19
OF,Michael A. Taylor (13361040),Michael A. Taylor,13361040,OF,2500,WAS@STL 09/16/2019 07:45PM ET,WAS,2.31
OF,Elier Hernandez (13361046),Elier Hernandez,13361046,OF,2500,KC@OAK 09/16/2019 10:07PM ET,KC,0
OF,Greg Deichmann (13361049),Greg Deichmann,13361049,OF,2500,KC@OAK 09/16/2019 10:07PM ET,OAK,0
OF,Jameson Hannah (13361050),Jameson Hannah,13361050,OF,2500,KC@OAK 09/16/2019 10:07PM ET,OAK,0
2B,Sherman Johnson (13361061),Sherman Johnson,13361061,2B,2400,CIN@CHC 09/16/2019 08:05PM ET,CIN,0
SS,Aramis Ademan (13361069),Aramis Ademan,13361069,SS,2400,CIN@CHC 09/16/2019 08:05PM ET,CHC,0
OF,Alex Kirilloff (13361055),Alex Kirilloff,13361055,OF,2400,CWS@MIN 09/16/2019 07:40PM ET,MIN,0
OF,Brent Rooker (13361056),Brent Rooker,13361056,OF,2400,CWS@MIN 09/16/2019 07:40PM ET,MIN,0
C,Chris Gimenez (13361063),Chris Gimenez,13361063,C,2400,CWS@MIN 09/16/2019 07:40PM ET,MIN,0
OF,Jon Jay (13361067),Jon Jay,13361067,OF,2400,CWS@MIN 09/16/2019 07:40PM ET,CWS,4.51
SS,Luis Curbelo (13361068),Luis Curbelo,13361068,SS,2400,CWS@MIN 09/16/2019 07:40PM ET,CWS,0
1B,Pavin Smith (13361057),Pavin Smith,13361057,1B,2400,MIA@ARI 09/16/2019 09:40PM ET,ARI,0
3B/SS,Yadiel Rivera (13361065),Yadiel Rivera,13361065,3B/SS,2400,MIA@ARI 09/16/2019 09:40PM ET,MIA,2.38
1B,Roberto Ramos (13361054),Roberto Ramos,13361054,1B,2400,NYM@COL 09/16/2019 08:40PM ET,COL,0
OF,Rafael Bautista (13361060),Rafael Bautista,13361060,OF,2400,WAS@STL 09/16/2019 07:45PM ET,WAS,0
1B,Rangel Ravelo (13361062),Rangel Ravelo,13361062,1B,2400,WAS@STL 09/16/2019 07:45PM ET,STL,2.59
OF,Austin Beck (13361064),Austin Beck,13361064,OF,2400,KC@OAK 09/16/2019 10:07PM ET,OAK,0
2B/SS,Christian Colon (13361058),Christian Colon,13361058,2B/SS,2300,CIN@CHC 09/16/2019 08:05PM ET,CIN,0
1B/3B,Chris Johnson (13361070),Chris Johnson,13361070,1B/3B,2300,CWS@MIN 09/16/2019 07:40PM ET,CWS,0
OF,Ryan Cordell (13361074),Ryan Cordell,13361074,OF,2300,CWS@MIN 09/16/2019 07:40PM ET,CWS,3.54
SS,Hudson Sanchez (13361072),Hudson Sanchez,13361072,SS,2300,SD@MIL 09/16/2019 07:40PM ET,SD,0
C,Tuffy Gosewisch (13361073),Tuffy Gosewisch,13361073,C,2300,SD@MIL 09/16/2019 07:40PM ET,MIL,0
OF,Tristen Lutz (13361079),Tristen Lutz,13361079,OF,2300,SD@MIL 09/16/2019 07:40PM ET,MIL,0
C,Wilkin Castillo (13361075),Wilkin Castillo,13361075,C,2300,MIA@ARI 09/16/2019 09:40PM ET,MIA,4.5
OF,Victor Victor Mesa (13361077),Victor Victor Mesa,13361077,OF,2300,MIA@ARI 09/16/2019 09:40PM ET,MIA,0
OF,Austin Dean (13361078),Austin Dean,13361078,OF,2300,MIA@ARI 09/16/2019 09:40PM ET,MIA,3.29
C,Joe Hudson (13361076),Joe Hudson,13361076,C,2300,WAS@STL 09/16/2019 07:45PM ET,STL,0
2B/SS,Nicky Lopez (13361115),Nicky Lopez,13361115,2B/SS,2300,KC@OAK 09/16/2019 10:07PM ET,KC,4.8
1B,Ibandel Isabel (13361080),Ibandel Isabel,13361080,1B,2200,CIN@CHC 09/16/2019 08:05PM ET,CIN,0
OF,Brian O'Grady (13361087),Brian O'Grady,13361087,OF,2200,CIN@CHC 09/16/2019 08:05PM ET,CIN,2.35
C,Juan Graterol (13361088),Juan Graterol,13361088,C,2200,CIN@CHC 09/16/2019 08:05PM ET,CIN,2.6
OF,Stuart Fairchild (13361093),Stuart Fairchild,13361093,OF,2200,CIN@CHC 09/16/2019 08:05PM ET,CIN,0
SS,Nick Gordon (13361081),Nick Gordon,13361081,SS,2200,CWS@MIN 09/16/2019 07:40PM ET,MIN,0
OF,Ian Miller (13361089),Ian Miller,13361089,OF,2200,CWS@MIN 09/16/2019 07:40PM ET,MIN,0
OF,Tirso Ornelas (13361083),Tirso Ornelas,13361083,OF,2200,SD@MIL 09/16/2019 07:40PM ET,SD,0
SS,Gabriel Arias (13361084),Gabriel Arias,13361084,SS,2200,SD@MIL 09/16/2019 07:40PM ET,SD,0
C,Chris Stewart (13361085),Chris Stewart,13361085,C,2200,SD@MIL 09/16/2019 07:40PM ET,SD,0
3B,Travis Shaw (13361107),Travis Shaw,13361107,3B,2200,SD@MIL 09/16/2019 07:40PM ET,MIL,3.85
OF,Tristan Pompey (13361086),Tristan Pompey,13361086,OF,2200,MIA@ARI 09/16/2019 09:40PM ET,MIA,0
C,Tyler Heineman (13361090),Tyler Heineman,13361090,C,2200,MIA@ARI 09/16/2019 09:40PM ET,MIA,0
SS,Ronny Mauricio (13361082),Ronny Mauricio,13361082,SS,2200,NYM@COL 09/16/2019 08:40PM ET,NYM,0
SS,Wilmer Difo (13361092),Wilmer Difo,13361092,SS,2200,WAS@STL 09/16/2019 07:45PM ET,WAS,4.17
2B/SS,Luis Garcia (13361111),Luis Garcia,13361111,2B/SS,2200,WAS@STL 09/16/2019 07:45PM ET,WAS,0
C,Nick Dini (13361091),Nick Dini,13361091,C,2200,KC@OAK 09/16/2019 10:07PM ET,KC,5.07
OF,Michael Lorenzen (13361106),Michael Lorenzen,13361106,OF,2100,CIN@CHC 09/16/2019 08:05PM ET,CIN,2.34
2B,Daniel Descalso (13361110),Daniel Descalso,13361110,2B,2100,CIN@CHC 09/16/2019 08:05PM ET,CHC,3.08
SS,Wander Javier (13361102),Wander Javier,13361102,SS,2100,CWS@MIN 09/16/2019 07:40PM ET,MIN,0
C,Alfredo Gonzalez (13361105),Alfredo Gonzalez,13361105,C,2100,CWS@MIN 09/16/2019 07:40PM ET,CWS,0
SS,Allen Cordoba (13361099),Allen Cordoba,13361099,SS,2100,SD@MIL 09/16/2019 07:40PM ET,SD,0
OF/SS,JT Riddle (13361100),JT Riddle,13361100,SS/OF,2100,MIA@ARI 09/16/2019 09:40PM ET,MIA,3.86
OF,Stone Garrett (13361104),Stone Garrett,13361104,OF,2100,MIA@ARI 09/16/2019 09:40PM ET,MIA,0
3B/SS,Jose Reyes (13361094),Jose Reyes,13361094,3B/SS,2100,NYM@COL 09/16/2019 08:40PM ET,NYM,0
C,Miguel Montero (13361096),Miguel Montero,13361096,C,2100,WAS@STL 09/16/2019 07:45PM ET,WAS,0
OF,Nick Banks (13361113),Nick Banks,13361113,OF,2100,WAS@STL 09/16/2019 07:45PM ET,WAS,0
1B/3B,Samir Duenez (13361097),Samir Duenez,13361097,1B/3B,2100,KC@OAK 09/16/2019 10:07PM ET,KC,0
SS,Jeremy Eierman (13361103),Jeremy Eierman,13361103,SS,2100,KC@OAK 09/16/2019 10:07PM ET,OAK,0
1B/OF,Ryan McBroom (13361108),Ryan McBroom,13361108,1B/OF,2100,KC@OAK 09/16/2019 10:07PM ET,KC,4.33
C,Meibrys Viloria (13361114),Meibrys Viloria,13361114,C,2100,KC@OAK 09/16/2019 10:07PM ET,KC,4.29
SS,Alfredo Rodriguez (13361121),Alfredo Rodriguez,13361121,SS,2000,CIN@CHC 09/16/2019 08:05PM ET,CIN,0
OF,Mariel Bautista (13361125),Mariel Bautista,13361125,OF,2000,CIN@CHC 09/16/2019 08:05PM ET,CIN,0
3B,Jonathan India (13361126),Jonathan India,13361126,3B,2000,CIN@CHC 09/16/2019 08:05PM ET,CIN,0
OF,Mike Siani (13361127),Mike Siani,13361127,OF,2000,CIN@CHC 09/16/2019 08:05PM ET,CIN,0
OF,Nelson Velazquez (13361132),Nelson Velazquez,13361132,OF,2000,CIN@CHC 09/16/2019 08:05PM ET,CHC,0
C,Miguel Amaya (13361133),Miguel Amaya,13361133,C,2000,CIN@CHC 09/16/2019 08:05PM ET,CHC,0
OF,Luke Raley (13361118),Luke Raley,13361118,OF,2000,CWS@MIN 09/16/2019 07:40PM ET,MIN,0
OF,Trevor Larnach (13361122),Trevor Larnach,13361122,OF,2000,CWS@MIN 09/16/2019 07:40PM ET,MIN,0
OF,Steele Walker (13361128),Steele Walker,13361128,OF,2000,CWS@MIN 09/16/2019 07:40PM ET,CWS,0
OF,Daniel Palka (13361136),Daniel Palka,13361136,OF,2000,CWS@MIN 09/16/2019 07:40PM ET,CWS,1.09
SS,Xavier Edwards (13361119),Xavier Edwards,13361119,SS,2000,SD@MIL 09/16/2019 07:40PM ET,SD,0
SS,Ruddy Giron (13361120),Ruddy Giron,13361120,SS,2000,SD@MIL 09/16/2019 07:40PM ET,SD,0
C,Payton Henry (13361123),Payton Henry,13361123,C,2000,SD@MIL 09/16/2019 07:40PM ET,MIL,0
C,Mario Feliciano (13361124),Mario Feliciano,13361124,C,2000,SD@MIL 09/16/2019 07:40PM ET,MIL,0
OF,Steven Souza Jr. (13361117),Steven Souza Jr.,13361117,OF,2000,MIA@ARI 09/16/2019 09:40PM ET,ARI,0
OF,Lewis Brinson (13361135),Lewis Brinson,13361135,OF,2000,MIA@ARI 09/16/2019 09:40PM ET,MIA,3.41
SS,Jose Sanchez (13361129),Jose Sanchez,13361129,SS,2000,WAS@STL 09/16/2019 07:45PM ET,WAS,0
2B/3B,Matt Reynolds (13361130),Matt Reynolds,13361130,2B/3B,2000,WAS@STL 09/16/2019 07:45PM ET,WAS,0
3B,Nolan Gorman (13361137),Nolan Gorman,13361137,3B,2000,WAS@STL 09/16/2019 07:45PM ET,STL,0
1B,Nick Pratto (13361134),Nick Pratto,13361134,1B,2000,KC@OAK 09/16/2019 10:07PM ET,KC,0
OF,Erick Mejia (13361138),Erick Mejia,13361138,OF,2000,KC@OAK 09/16/2019 10:07PM ET,KC,2.75
SS,Humberto Arteaga (13361139),Humberto Arteaga,13361139,SS,2000,KC@OAK 09/16/2019 10:07PM ET,KC,3.27
